ID,Title,Description,Acceptance,Test_Method,Tools,Dev_Status,Review1_Status,Regression_Status,Files,Dependencies,Notes
ISSUE-0001,Add plan + issues CSV (bootstrap),Create plan and Issue CSV; record constraints/conflicts/assumptions; ensure CSV validates.,plan exists; CSV validates.,py -3.11 .codex/skills/plan/scripts/validate_issues_csv.py issues/2026-02-10_15-43-12-new-pixiv-api-delivery.csv,none,DONE,DONE,TODO,plan/2026-02-10_15-43-12-new-pixiv-api-delivery.md | plan/2026-02-10_plan.md | issues/2026-02-10_15-43-12-new-pixiv-api-delivery.csv,none,priority:P0 milestone:M0 component:docs estimate:S done_at:2026-02-10 evidence:validate_issues_csv:ok
ISSUE-0002,Add scripts/test_all.ps1 (one-command gate),Add scripts/test_all.ps1 + test_backend.ps1 + test_frontend.ps1; PowerShell-friendly.,pwsh scripts/test_all.ps1 runs; non-zero on failure.,pwsh -NoProfile -File scripts/test_all.ps1,none,DONE,DONE,TODO,scripts/test_all.ps1 | scripts/test_backend.ps1 | scripts/test_frontend.ps1,ISSUE-0001,priority:P0 milestone:M0 component:tests estimate:S done_at:2026-02-10 evidence:test_all:ok
ISSUE-0003,Backend skeleton (FastAPI app),Create backend/ skeleton with FastAPI app and pytest harness.,backend starts; pytest runs.,pwsh -NoProfile -File scripts/test_backend.ps1,none,DONE,DONE,TODO,module:backend,ISSUE-0002,priority:P0 milestone:M0 component:backend estimate:M done_at:2026-02-10 evidence:test_backend:ok
ISSUE-0004,Error schema + error codes enum,Uniform JSON error schema + stable error code enum per API契约-详细.md.,tests cover schema; codes stable.,py -3.11 -m pytest -q backend/tests -k error_schema,none,DONE,DONE,TODO,backend/app/core/errors.py | backend/tests/test_error_schema.py,ISSUE-0003,priority:P0 milestone:M0 component:backend estimate:M done_at:2026-02-10 evidence:pytest_error_schema:ok
ISSUE-0005,Config (env + defaults + prod fail-fast),Typed config loader for DATABASE_URL/SECRET_KEY/FIELD_ENCRYPTION_KEY/ADMIN_*.,prod missing secrets fails; secrets not logged.,py -3.11 -m pytest -q backend/tests -k config,none,DONE,DONE,TODO,backend/app/core/config.py | backend/tests/test_config.py,ISSUE-0004,priority:P0 milestone:M0 component:backend estimate:M done_at:2026-02-10 evidence:pytest_config:ok
ISSUE-0006,Logging + redaction filter,Global redaction for refresh_token/password/authorization/proxy uri patterns.,tests prove no secret logs.,py -3.11 -m pytest -q backend/tests -k redact,none,DONE,DONE,TODO,backend/app/core/logging.py | backend/app/core/redact.py | backend/tests/test_log_redaction.py,ISSUE-0005,priority:P0 milestone:M0 component:security estimate:M done_at:2026-02-10 evidence:pytest_redact:ok
ISSUE-0007,Request-ID middleware,Add X-Request-Id + request_id in JSON responses.,tests cover request_id.,py -3.11 -m pytest -q backend/tests -k request_id,none,DONE,DONE,TODO,backend/app/core/request_id.py | backend/tests/test_request_id.py,ISSUE-0006,priority:P0 milestone:M0 component:backend estimate:S done_at:2026-02-10 evidence:pytest_request_id:ok
ISSUE-0008,Field encryption (Fernet) + mask,Encrypt/mask helpers for refresh_token_enc and password_enc; never echo plaintext.,tests cover encrypt/decrypt/mask.,py -3.11 -m pytest -q backend/tests -k crypto,none,DONE,DONE,TODO,backend/app/core/crypto.py | backend/tests/test_crypto.py,ISSUE-0005 | ISSUE-0006,priority:P0 milestone:M0 component:security estimate:M done_at:2026-02-10 evidence:py -3.11 -m pytest -q backend/tests -k crypto:ok
ISSUE-0009,SQLite init (WAL+busy_timeout+FK),Enable WAL/busy_timeout/foreign_keys; add short busy retry helper.,tests verify pragmas.,py -3.11 -m pytest -q backend/tests -k sqlite,none,DONE,DONE,TODO,backend/app/db/engine.py | backend/app/db/session.py | backend/tests/test_sqlite_pragmas.py,ISSUE-0007,priority:P0 milestone:M0 component:db estimate:M done_at:2026-02-10 evidence:py -3.11 -m pytest -q backend/tests -k sqlite:ok
ISSUE-0010,Alembic setup,Init Alembic; configure DATABASE_URL; upgrade head works.,alembic upgrade head ok.,pwsh -NoProfile -File scripts/test_backend.ps1,none,DONE,DONE,TODO,backend/alembic.ini | backend/alembic/env.py | backend/alembic/versions/*,ISSUE-0009,priority:P0 milestone:M0 component:db estimate:M done_at:2026-02-10 evidence:pwsh -NoProfile -File scripts/test_backend.ps1:ok evidence:py -3.11 -m alembic -c backend/alembic.ini upgrade head:ok
ISSUE-0011,Admin auth core (JWT require_admin),JWT create/verify + require_admin dep; never log creds.,tests cover JWT + protected endpoint.,py -3.11 -m pytest -q backend/tests -k admin_auth,none,DONE,DONE,TODO,backend/app/core/security.py | backend/tests/test_admin_jwt.py,ISSUE-0005 | ISSUE-0006,priority:P0 milestone:M0 component:security estimate:M done_at:2026-02-10 evidence:py -3.11 -m pytest -q backend/tests -k admin_auth:ok
ISSUE-0012,API: GET /healthz,Health check endpoint; returns DB status; includes request_id.,/healthz returns 200 when DB ok; tests cover.,py -3.11 -m pytest -q backend/tests -k healthz,none,DONE,DONE,TODO,backend/app/api/public/healthz.py | backend/tests/test_healthz.py,ISSUE-0007 | ISSUE-0009,priority:P0 milestone:M0 component:backend estimate:S done_at:2026-02-10 evidence:py -3.11 -m pytest -q backend/tests -k healthz:ok
ISSUE-0013,API: GET /version,/version returns build_time/version/git_commit; includes request_id.,/version returns JSON fields; tests cover.,py -3.11 -m pytest -q backend/tests -k version,none,DONE,DONE,TODO,backend/app/api/public/version.py | backend/tests/test_version.py,ISSUE-0007,priority:P0 milestone:M0 component:backend estimate:S done_at:2026-02-10 evidence:py -3.11 -m pytest -q backend/tests -k version:ok
ISSUE-0014,Deploy: backend Dockerfile,Add backend/Dockerfile for api+worker image.,docker build succeeds.,docker build -f backend/Dockerfile .,none,DONE,DONE,TODO,backend/Dockerfile,ISSUE-0003,priority:P0 milestone:M0 component:deploy estimate:M done_at:2026-02-10 validation_limited:docker_daemon_unreachable(npipe_missing) manual_test:docker build -f backend/Dockerfile . evidence:docker_build:blocked risk:medium
ISSUE-0015,Deploy: docker-compose (api+worker),Add deploy/docker-compose.yml + env example; shared /data volume for sqlite.,docker compose config succeeds.,docker compose -f deploy/docker-compose.yml config,none,DONE,DONE,TODO,deploy/docker-compose.yml | deploy/.env.example,ISSUE-0014,priority:P0 milestone:M0 component:deploy estimate:M done_at:2026-02-10 evidence:docker compose -f deploy/docker-compose.yml config:ok
ISSUE-0016,Worker entrypoint skeleton,python -m app.worker; graceful shutdown; polling loop skeleton.,worker starts and exits cleanly; smoke test.,py -3.11 -m pytest -q backend/tests -k worker_smoke,none,DONE,DONE,TODO,backend/app/worker.py | backend/tests/test_worker_smoke.py,ISSUE-0009,priority:P0 milestone:M0 component:worker estimate:M done_at:2026-02-10 evidence:py -3.11 -m pytest -q backend/tests -k worker_smoke:ok
ISSUE-0017,Jobs claim algorithm (UPDATE..RETURNING),Implement SQLite claim algorithm + lock TTL + heartbeat renew per Worker doc.,tests: multi worker does not double-claim; TTL reclaim works.,py -3.11 -m pytest -q backend/tests -k jobs_claim,none,DONE,DONE,TODO,backend/app/jobs/claim.py | backend/tests/test_jobs_claim.py,ISSUE-0016,priority:P0 milestone:M0 component:worker estimate:L done_at:2026-02-10 evidence:py -3.11 -m pytest -q backend/tests -k jobs_claim:ok
ISSUE-0018,Jobs FSM + backoff + DLQ,Implement job status machine and retry/backoff and DLQ behavior.,tests cover transitions/backoff.,py -3.11 -m pytest -q backend/tests -k job_fsm,none,DONE,DONE,TODO,backend/app/jobs/model.py | backend/app/jobs/backoff.py | backend/tests/test_job_fsm.py,ISSUE-0017,priority:P0 milestone:M0 component:worker estimate:L done_at:2026-02-10 evidence:py -3.11 -m pytest -q backend/tests -k job_fsm:ok
ISSUE-0019,Worker dispatcher registry,type->handler registry; unknown type handled safely.,tests cover dispatch.,py -3.11 -m pytest -q backend/tests -k job_dispatch,none,DONE,DONE,TODO,backend/app/jobs/dispatch.py | backend/tests/test_job_dispatch.py,ISSUE-0018,priority:P0 milestone:M0 component:worker estimate:M done_at:2026-02-10 evidence:py -3.11 -m pytest -q backend/tests -k job_dispatch:ok
ISSUE-0020,DB migration: imports,Add Alembic revision for imports per 数据库结构-详细DDL.md.,migration creates imports; upgrade head ok.,pwsh -NoProfile -File scripts/test_backend.ps1,none,DONE,DONE,TODO,backend/alembic/versions/*imports*.py,ISSUE-0010,priority:P0 milestone:M1 component:db estimate:S done_at:2026-02-10 evidence:pwsh -NoProfile -File scripts/test_backend.ps1:ok evidence:alembic_upgrade_head(imports):ok
ISSUE-0021,ORM model: imports,Add SQLAlchemy model for imports.,model imports basic insert/select test passes.,py -3.11 -m pytest -q backend/tests -k models,none,DONE,DONE,TODO,backend/app/db/models/*,ISSUE-0020,priority:P0 milestone:M1 component:db estimate:S done_at:2026-02-10 evidence:py -3.11 -m pytest -q backend/tests -k models:ok
ISSUE-0022,DB migration: images,Add Alembic revision for images per 数据库结构-详细DDL.md.,migration creates images; upgrade head ok.,pwsh -NoProfile -File scripts/test_backend.ps1,none,DONE,DONE,TODO,backend/alembic/versions/*images*.py,ISSUE-0010,priority:P0 milestone:M1 component:db estimate:S done_at:2026-02-10 evidence:pwsh -NoProfile -File scripts/test_backend.ps1:ok evidence:alembic_upgrade_head(images):ok
ISSUE-0023,ORM model: images,Add SQLAlchemy model for images.,model images basic insert/select test passes.,py -3.11 -m pytest -q backend/tests -k models,none,DONE,DONE,TODO,backend/app/db/models/*,ISSUE-0022,priority:P0 milestone:M1 component:db estimate:S done_at:2026-02-10 evidence:py -3.11 -m pytest -q backend/tests -k models:ok
ISSUE-0024,DB migration: tags,Add Alembic revision for tags per 数据库结构-详细DDL.md.,migration creates tags; upgrade head ok.,pwsh -NoProfile -File scripts/test_backend.ps1,none,DONE,DONE,TODO,backend/alembic/versions/*tags*.py,ISSUE-0010,priority:P0 milestone:M4 component:db estimate:S done_at:2026-02-10 evidence:pwsh -NoProfile -File scripts/test_backend.ps1:ok evidence:alembic_upgrade_head(tags):ok
ISSUE-0025,ORM model: tags,Add SQLAlchemy model for tags.,model tags basic insert/select test passes.,py -3.11 -m pytest -q backend/tests -k models,none,DONE,DONE,TODO,backend/app/db/models/*,ISSUE-0024,priority:P0 milestone:M4 component:db estimate:S done_at:2026-02-10 evidence:py -3.11 -m pytest -q backend/tests -k models:ok
ISSUE-0026,DB migration: image_tags,Add Alembic revision for image_tags per 数据库结构-详细DDL.md.,migration creates image_tags; upgrade head ok.,pwsh -NoProfile -File scripts/test_backend.ps1,none,DONE,DONE,TODO,backend/alembic/versions/*image_tags*.py,ISSUE-0010,priority:P0 milestone:M4 component:db estimate:S done_at:2026-02-10 evidence:pwsh -NoProfile -File scripts/test_backend.ps1:ok evidence:alembic_upgrade_head(image_tags):ok
ISSUE-0027,ORM model: image_tags,Add SQLAlchemy model for image_tags.,model image_tags basic insert/select test passes.,py -3.11 -m pytest -q backend/tests -k models,none,DONE,DONE,TODO,backend/app/db/models/*,ISSUE-0026,priority:P0 milestone:M4 component:db estimate:S done_at:2026-02-10 evidence:py -3.11 -m pytest -q backend/tests -k models:ok
ISSUE-0028,DB migration: pixiv_tokens,Add Alembic revision for pixiv_tokens per 数据库结构-详细DDL.md.,migration creates pixiv_tokens; upgrade head ok.,pwsh -NoProfile -File scripts/test_backend.ps1,none,DONE,DONE,TODO,backend/alembic/versions/*pixiv_tokens*.py,ISSUE-0010,priority:P0 milestone:M3 component:db estimate:S done_at:2026-02-10 evidence:pwsh -NoProfile -File scripts/test_backend.ps1:ok evidence:alembic_upgrade_head(pixiv_tokens):ok
ISSUE-0029,ORM model: pixiv_tokens,Add SQLAlchemy model for pixiv_tokens.,model pixiv_tokens basic insert/select test passes.,py -3.11 -m pytest -q backend/tests -k models,none,DONE,DONE,TODO,backend/app/db/models/*,ISSUE-0028,priority:P0 milestone:M3 component:db estimate:S done_at:2026-02-10 evidence:py -3.11 -m pytest -q backend/tests -k models:ok
ISSUE-0030,DB migration: proxy_endpoints,Add Alembic revision for proxy_endpoints per 数据库结构-详细DDL.md.,migration creates proxy_endpoints; upgrade head ok.,pwsh -NoProfile -File scripts/test_backend.ps1,none,DONE,DONE,TODO,backend/alembic/versions/*proxy_endpoints*.py,ISSUE-0010,priority:P0 milestone:M2 component:db estimate:S done_at:2026-02-10 evidence:pwsh -NoProfile -File scripts/test_backend.ps1:ok evidence:alembic_upgrade_head(proxy_endpoints):ok
ISSUE-0031,ORM model: proxy_endpoints,Add SQLAlchemy model for proxy_endpoints.,model proxy_endpoints basic insert/select test passes.,py -3.11 -m pytest -q backend/tests -k models,none,DONE,DONE,TODO,backend/app/db/models/*,ISSUE-0030,priority:P0 milestone:M2 component:db estimate:S done_at:2026-02-10 evidence:py -3.11 -m pytest -q backend/tests -k models:ok
ISSUE-0032,DB migration: proxy_pools,Add Alembic revision for proxy_pools per 数据库结构-详细DDL.md.,migration creates proxy_pools; upgrade head ok.,pwsh -NoProfile -File scripts/test_backend.ps1,none,DONE,DONE,TODO,backend/alembic/versions/*proxy_pools*.py,ISSUE-0010,priority:P0 milestone:M2 component:db estimate:S done_at:2026-02-10 evidence:pwsh -NoProfile -File scripts/test_backend.ps1:ok evidence:alembic_upgrade_head(proxy_pools):ok
ISSUE-0033,ORM model: proxy_pools,Add SQLAlchemy model for proxy_pools.,model proxy_pools basic insert/select test passes.,py -3.11 -m pytest -q backend/tests -k models,none,DONE,DONE,TODO,backend/app/db/models/*,ISSUE-0032,priority:P0 milestone:M2 component:db estimate:S done_at:2026-02-10 evidence:py -3.11 -m pytest -q backend/tests -k models:ok
ISSUE-0034,DB migration: proxy_pool_endpoints,Add Alembic revision for proxy_pool_endpoints per 数据库结构-详细DDL.md.,migration creates proxy_pool_endpoints; upgrade head ok.,pwsh -NoProfile -File scripts/test_backend.ps1,none,DONE,DONE,TODO,backend/alembic/versions/*proxy_pool_endpoints*.py,ISSUE-0010,priority:P0 milestone:M2 component:db estimate:S done_at:2026-02-10 evidence:pwsh -NoProfile -File scripts/test_backend.ps1:ok evidence:alembic_upgrade_head(proxy_pool_endpoints):ok
ISSUE-0035,ORM model: proxy_pool_endpoints,Add SQLAlchemy model for proxy_pool_endpoints.,model proxy_pool_endpoints basic insert/select test passes.,py -3.11 -m pytest -q backend/tests -k models,none,DONE,DONE,TODO,backend/app/db/models/*,ISSUE-0034,priority:P0 milestone:M2 component:db estimate:S done_at:2026-02-10 evidence:py -3.11 -m pytest -q backend/tests -k models:ok
ISSUE-0036,DB migration: token_proxy_bindings,Add Alembic revision for token_proxy_bindings per 数据库结构-详细DDL.md.,migration creates token_proxy_bindings; upgrade head ok.,pwsh -NoProfile -File scripts/test_backend.ps1,none,DONE,DONE,TODO,backend/alembic/versions/*token_proxy_bindings*.py,ISSUE-0010,priority:P0 milestone:M2 component:db estimate:S done_at:2026-02-10 evidence:pwsh -NoProfile -File scripts/test_backend.ps1:ok evidence:alembic_upgrade_head(token_proxy_bindings):ok
ISSUE-0037,ORM model: token_proxy_bindings,Add SQLAlchemy model for token_proxy_bindings.,model token_proxy_bindings basic insert/select test passes.,py -3.11 -m pytest -q backend/tests -k models,none,DONE,DONE,TODO,backend/app/db/models/*,ISSUE-0036,priority:P0 milestone:M2 component:db estimate:S done_at:2026-02-10 evidence:py -3.11 -m pytest -q backend/tests -k models:ok
ISSUE-0038,DB migration: runtime_settings,Add Alembic revision for runtime_settings per 数据库结构-详细DDL.md.,migration creates runtime_settings; upgrade head ok.,pwsh -NoProfile -File scripts/test_backend.ps1,none,DONE,DONE,TODO,backend/alembic/versions/*runtime_settings*.py,ISSUE-0010,priority:P0 milestone:M0 component:db estimate:S done_at:2026-02-10 evidence:pwsh -NoProfile -File scripts/test_backend.ps1:ok evidence:alembic_upgrade_head(runtime_settings):ok
ISSUE-0039,ORM model: runtime_settings,Add SQLAlchemy model for runtime_settings.,model runtime_settings basic insert/select test passes.,py -3.11 -m pytest -q backend/tests -k models,none,DONE,DONE,TODO,backend/app/db/models/*,ISSUE-0038,priority:P0 milestone:M0 component:db estimate:S done_at:2026-02-10 evidence:py -3.11 -m pytest -q backend/tests -k models:ok
ISSUE-0040,DB migration: jobs,Add Alembic revision for jobs per 数据库结构-详细DDL.md.,migration creates jobs; upgrade head ok.,pwsh -NoProfile -File scripts/test_backend.ps1,none,DONE,DONE,TODO,backend/alembic/versions/*jobs*.py,ISSUE-0010,priority:P0 milestone:M0 component:db estimate:S done_at:2026-02-10 evidence:pwsh -NoProfile -File scripts/test_backend.ps1:ok evidence:alembic_upgrade_head(jobs):ok
ISSUE-0041,ORM model: jobs,Add SQLAlchemy model for jobs.,model jobs basic insert/select test passes.,py -3.11 -m pytest -q backend/tests -k models,none,DONE,DONE,TODO,backend/app/db/models/*,ISSUE-0040,priority:P0 milestone:M0 component:db estimate:S done_at:2026-02-10 evidence:py -3.11 -m pytest -q backend/tests -k models:ok
ISSUE-0042,DB migration: hydration_runs,Add Alembic revision for hydration_runs per 数据库结构-详细DDL.md.,migration creates hydration_runs; upgrade head ok.,pwsh -NoProfile -File scripts/test_backend.ps1,none,DONE,DONE,TODO,backend/alembic/versions/*hydration_runs*.py,ISSUE-0010,priority:P0 milestone:M4 component:db estimate:S done_at:2026-02-10 evidence:pwsh -NoProfile -File scripts/test_backend.ps1:ok evidence:alembic_upgrade_head(hydration_runs):ok
ISSUE-0043,ORM model: hydration_runs,Add SQLAlchemy model for hydration_runs.,model hydration_runs basic insert/select test passes.,py -3.11 -m pytest -q backend/tests -k models,none,DONE,DONE,TODO,backend/app/db/models/*,ISSUE-0042,priority:P0 milestone:M4 component:db estimate:S done_at:2026-02-10 evidence:py -3.11 -m pytest -q backend/tests -k models:ok
ISSUE-0044,DB migration: request_logs,Add Alembic revision for request_logs per 数据库结构-详细DDL.md.,migration creates request_logs; upgrade head ok.,pwsh -NoProfile -File scripts/test_backend.ps1,none,DONE,DONE,TODO,backend/alembic/versions/*request_logs*.py,ISSUE-0010,priority:P0 milestone:M7 component:db estimate:S done_at:2026-02-10 evidence:pwsh -NoProfile -File scripts/test_backend.ps1:ok evidence:alembic_upgrade_head(request_logs):ok
ISSUE-0045,ORM model: request_logs,Add SQLAlchemy model for request_logs.,model request_logs basic insert/select test passes.,py -3.11 -m pytest -q backend/tests -k models,none,DONE,DONE,TODO,backend/app/db/models/*,ISSUE-0044,priority:P0 milestone:M7 component:db estimate:S done_at:2026-02-10 evidence:py -3.11 -m pytest -q backend/tests -k models:ok
ISSUE-0046,DB migration: admin_audit,Add Alembic revision for admin_audit per 数据库结构-详细DDL.md.,migration creates admin_audit; upgrade head ok.,pwsh -NoProfile -File scripts/test_backend.ps1,none,DONE,DONE,TODO,backend/alembic/versions/*admin_audit*.py,ISSUE-0010,priority:P0 milestone:M7 component:db estimate:S done_at:2026-02-10 evidence:pwsh -NoProfile -File scripts/test_backend.ps1:ok evidence:alembic_upgrade_head(admin_audit):ok
ISSUE-0047,ORM model: admin_audit,Add SQLAlchemy model for admin_audit.,model admin_audit basic insert/select test passes.,py -3.11 -m pytest -q backend/tests -k models,none,DONE,DONE,TODO,backend/app/db/models/*,ISSUE-0046,priority:P0 milestone:M7 component:db estimate:S done_at:2026-02-10 evidence:py -3.11 -m pytest -q backend/tests -k models:ok
ISSUE-0048,TODO: 初始化仓库：`backend/` `frontend/` `deploy/`（验收：目录结构完成）,From TODO-全量Issue拆分.md §1: 初始化仓库：`backend/` `frontend/` `deploy/`（验收：目录结构完成）,Implement and verify: 初始化仓库：`backend/` `frontend/` `deploy/`（验收：目录结构完成）,pwsh -NoProfile -File scripts/test_backend.ps1,none,DONE,DONE,TODO,backend/ | frontend/.gitkeep | deploy/docker-compose.yml,ISSUE-0002,priority:P0 milestone:M0 component:backend estimate:S todo:derived done_at:2026-02-10 evidence:pwsh -NoProfile -File scripts/test_backend.ps1:ok evidence:dirs:backend|frontend|deploy
ISSUE-0049,TODO: 后端依赖管理（uv/poetry/pip-tools 三选一固定）（验收：可 reproducible install）,From TODO-全量Issue拆分.md §1: 后端依赖管理（uv/poetry/pip-tools 三选一固定）（验收：可 reproducible install）,Implement and verify: 后端依赖管理（uv/poetry/pip-tools 三选一固定）（验收：可 reproducible install）,pwsh -NoProfile -File scripts/verify_backend_install.ps1,none,DONE,DONE,TODO,requirements.in | requirements.txt | requirements-dev.in | requirements-dev.txt | backend/Dockerfile | scripts/verify_backend_install.ps1,ISSUE-0002,priority:P0 milestone:M0 component:backend estimate:S todo:derived chosen:pip-tools done_at:2026-02-10 evidence:pwsh -NoProfile -File scripts/verify_backend_install.ps1:ok
ISSUE-0050,TODO: FastAPI 入口 + `/healthz`（验收：API）,From TODO-全量Issue拆分.md §1: FastAPI 入口 + `/healthz`（验收：API）,Implement and verify: FastAPI 入口 + `/healthz`（验收：API）,pwsh -NoProfile -File scripts/test_backend.ps1,none,DONE,DONE,TODO,backend/app/main.py | backend/app/api/public/healthz.py | backend/tests/test_healthz.py | docs/reviews/ISSUE-0050.md,ISSUE-0002,priority:P0 milestone:M0 component:backend estimate:S todo:derived superseded_by:ISSUE-0012 done_at:2026-02-10 evidence:pwsh -NoProfile -File scripts/test_backend.ps1:ok
ISSUE-0051,TODO: `/version` 输出 build_time/commit/version（验收：API）,From TODO-全量Issue拆分.md §1: `/version` 输出 build_time/commit/version（验收：API）,Implement and verify: `/version` 输出 build_time/commit/version（验收：API）,pwsh -NoProfile -File scripts/test_backend.ps1,none,DONE,DONE,TODO,backend/app/api/public/version.py | backend/tests/test_version.py | docs/reviews/ISSUE-0051.md,ISSUE-0002,priority:P0 milestone:M0 component:backend estimate:S todo:derived superseded_by:ISSUE-0013 done_at:2026-02-10 evidence:pwsh -NoProfile -File scripts/test_backend.ps1:ok
ISSUE-0052,TODO: SQLite engine 初始化 + WAL pragma（验收：启动日志/DB pragma）,From TODO-全量Issue拆分.md §1: SQLite engine 初始化 + WAL pragma（验收：启动日志/DB pragma）,Implement and verify: SQLite engine 初始化 + WAL pragma（验收：启动日志/DB pragma）,pwsh -NoProfile -File scripts/test_backend.ps1,none,DONE,DONE,TODO,backend/app/db/engine.py | backend/tests/test_sqlite_pragmas.py | docs/reviews/ISSUE-0052.md,ISSUE-0002,priority:P0 milestone:M0 component:db estimate:S todo:derived superseded_by:ISSUE-0009 done_at:2026-02-10 evidence:pwsh -NoProfile -File scripts/test_backend.ps1:ok
ISSUE-0053,TODO: Alembic 初始化（验收：可生成/运行空迁移）,From TODO-全量Issue拆分.md §1: Alembic 初始化（验收：可生成/运行空迁移）,Implement and verify: Alembic 初始化（验收：可生成/运行空迁移）,pwsh -NoProfile -File scripts/test_backend.ps1,none,DONE,DONE,TODO,backend/alembic.ini | backend/alembic/env.py | backend/alembic/versions/* | docs/reviews/ISSUE-0053.md,ISSUE-0002,priority:P0 milestone:M0 component:db estimate:S todo:derived superseded_by:ISSUE-0010 done_at:2026-02-10 evidence:pwsh -NoProfile -File scripts/test_backend.ps1:ok evidence:alembic_upgrade_head:ok
ISSUE-0054,TODO: 基础配置系统（env + runtime_settings 合并）（验收：可在不重启下改设置）,From TODO-全量Issue拆分.md §1: 基础配置系统（env + runtime_settings 合并）（验收：可在不重启下改设置）,Implement and verify: 基础配置系统（env + runtime_settings 合并）（验收：可在不重启下改设置）,pwsh -NoProfile -File scripts/test_backend.ps1,none,DONE,DONE,TODO,backend/app/core/runtime_settings.py | backend/app/core/effective_settings.py | backend/tests/test_effective_settings.py,ISSUE-0002,priority:P0 milestone:M0 component:backend estimate:S todo:derived done_at:2026-02-10 evidence:pwsh -NoProfile -File scripts/test_backend.ps1:ok
ISSUE-0055,TODO: Dockerfile（后端）+ compose（api+worker）能启动（验收：docker compose up）,From TODO-全量Issue拆分.md §1: Dockerfile（后端）+ compose（api+worker）能启动（验收：docker compose up）,Implement and verify: Dockerfile（后端）+ compose（api+worker）能启动（验收：docker compose up）,docker compose -f deploy/docker-compose.yml config,none,DONE,DONE,TODO,backend/Dockerfile | deploy/docker-compose.yml | deploy/.env.example | docs/reviews/ISSUE-0055.md,ISSUE-0002,priority:P0 milestone:M0 component:deploy estimate:S todo:derived superseded_by:ISSUE-0014|ISSUE-0015 done_at:2026-02-10 evidence:docker_compose_config:ok
ISSUE-0056,TODO: 实现 `parse_pixiv_original_url()`（pximg host + `_p{n}`）（验收：TEST）,From TODO-全量Issue拆分.md §2: 实现 `parse_pixiv_original_url()`（pximg host + `_p{n}`）（验收：TEST）,Implement and verify: 实现 `parse_pixiv_original_url()`（pximg host + `_p{n}`）（验收：TEST）,pwsh -NoProfile -File scripts/test_backend.ps1,none,DONE,DONE,TODO,backend/app/core/pixiv_urls.py | backend/tests/test_pixiv_urls.py,ISSUE-0002,priority:P0 milestone:M1 component:backend estimate:S todo:derived done_at:2026-02-10 evidence:pwsh -NoProfile -File scripts/test_backend.ps1:ok
ISSUE-0057,TODO: 支持 ext 白名单（jpg/jpeg/png/gif/webp）（验收：TEST）,From TODO-全量Issue拆分.md §2: 支持 ext 白名单（jpg/jpeg/png/gif/webp）（验收：TEST）,Implement and verify: 支持 ext 白名单（jpg/jpeg/png/gif/webp）（验收：TEST）,pwsh -NoProfile -File scripts/test_backend.ps1,none,DONE,DONE,TODO,backend/app/core/pixiv_urls.py | backend/tests/test_pixiv_urls.py,ISSUE-0002,priority:P0 milestone:M1 component:backend estimate:S todo:derived done_at:2026-02-10 evidence:pwsh -NoProfile -File scripts/test_backend.ps1:ok
ISSUE-0058,TODO: 支持密码含 `@` 的 proxy uri 解析（验收：TEST）,From TODO-全量Issue拆分.md §2: 支持密码含 `@` 的 proxy uri 解析（验收：TEST）,Implement and verify: 支持密码含 `@` 的 proxy uri 解析（验收：TEST）,pwsh -NoProfile -File scripts/test_backend.ps1,none,DONE,DONE,TODO,backend/app/core/proxy_uri.py | backend/tests/test_proxy_uri.py,ISSUE-0002,priority:P0 milestone:M1 component:backend estimate:S todo:derived done_at:2026-02-10 evidence:pwsh -NoProfile -File scripts/test_backend.ps1:ok
ISSUE-0059,"TODO: images 表 unique(illust_id,page_index) upsert（验收：API+DB）","From TODO-全量Issue拆分.md §2: images 表 unique(illust_id,page_index) upsert（验收：API+DB）","Implement and verify: images 表 unique(illust_id,page_index) upsert（验收：API+DB）",pwsh -NoProfile -File scripts/test_backend.ps1,none,DONE,DONE,TODO,backend/app/db/images_upsert.py | backend/tests/test_images_upsert.py,ISSUE-0002,priority:P0 milestone:M1 component:db estimate:S todo:derived done_at:2026-02-10 evidence:pwsh -NoProfile -File scripts/test_backend.ps1:ok
ISSUE-0060,TODO: `POST /admin/api/imports`（json 文本）（验收：API）,From TODO-全量Issue拆分.md §2: `POST /admin/api/imports`（json 文本）（验收：API）,Implement and verify: `POST /admin/api/imports`（json 文本）（验收：API）,pwsh -NoProfile -File scripts/test_backend.ps1,none,DONE,DONE,TODO,backend/app/api/admin/imports.py | backend/app/api/admin/deps.py | backend/app/api/admin/router.py | backend/app/main.py | backend/tests/test_admin_imports_json.py,ISSUE-0002,priority:P0 milestone:M1 component:backend estimate:S todo:derived done_at:2026-02-10 evidence:pwsh -NoProfile -File scripts/test_backend.ps1:ok
ISSUE-0061,TODO: `POST /admin/api/imports`（multipart 文件）（验收：API）,From TODO-全量Issue拆分.md §2: `POST /admin/api/imports`（multipart 文件）（验收：API）,Implement and verify: `POST /admin/api/imports`（multipart 文件）（验收：API）,pwsh -NoProfile -File scripts/test_backend.ps1,none,DONE,DONE,TODO,backend/app/api/admin/imports.py | backend/tests/test_admin_imports_json.py | requirements.in | requirements.txt | requirements-dev.txt,ISSUE-0002,priority:P0 milestone:M1 component:backend estimate:S todo:derived done_at:2026-02-10 evidence:pwsh -NoProfile -File scripts/test_backend.ps1:ok
ISSUE-0062,TODO: dry_run preview（返回前 N 条解析结果 + 错误行）（验收：API）,From TODO-全量Issue拆分.md §2: dry_run preview（返回前 N 条解析结果 + 错误行）（验收：API）,Implement and verify: dry_run preview（返回前 N 条解析结果 + 错误行）（验收：API）,pwsh -NoProfile -File scripts/test_backend.ps1,none,DONE,DONE,TODO,backend/app/api/admin/imports.py | backend/tests/test_admin_imports_json.py,ISSUE-0002,priority:P0 milestone:M1 component:backend estimate:S todo:derived done_at:2026-02-10 evidence:pwsh -NoProfile -File scripts/test_backend.ps1:ok
ISSUE-0063,TODO: import record：imports 表写入（验收：DB）,From TODO-全量Issue拆分.md §2: import record：imports 表写入（验收：DB）,Implement and verify: import record：imports 表写入（验收：DB）,pwsh -NoProfile -File scripts/test_backend.ps1,none,DONE,DONE,TODO,backend/app/api/admin/imports.py | backend/tests/test_admin_imports_json.py,ISSUE-0002,priority:P0 milestone:M1 component:db estimate:S todo:derived done_at:2026-02-10 evidence:pwsh -NoProfile -File scripts/test_backend.ps1:ok
ISSUE-0064,TODO: import rollback（disable/delete）（验收：API+DB）,From TODO-全量Issue拆分.md §2: import rollback（disable/delete）（验收：API+DB）,Implement and verify: import rollback（disable/delete）（验收：API+DB）,pwsh -NoProfile -File scripts/test_backend.ps1,none,DONE,DONE,TODO,backend/app/api/admin/imports.py | backend/tests/test_admin_imports_json.py,ISSUE-0002,priority:P0 milestone:M1 component:db estimate:S todo:derived done_at:2026-02-10 evidence:pwsh -NoProfile -File scripts/test_backend.ps1:ok
ISSUE-0065,TODO: random_key 生成与索引（验收：DB 索引 + API）,From TODO-全量Issue拆分.md §2: random_key 生成与索引（验收：DB 索引 + API）,Implement and verify: random_key 生成与索引（验收：DB 索引 + API）,pwsh -NoProfile -File scripts/test_backend.ps1,none,DONE,DONE,TODO,backend/app/db/images_upsert.py | backend/tests/test_images_upsert.py | backend/tests/test_random_key_index.py,ISSUE-0002,priority:P0 milestone:M1 component:db estimate:S todo:derived done_at:2026-02-10 evidence:pwsh -NoProfile -File scripts/test_backend.ps1:ok
ISSUE-0066,TODO: `GET /random` image 模式（验收：API）,From TODO-全量Issue拆分.md §2: `GET /random` image 模式（验收：API）,Implement and verify: `GET /random` image 模式（验收：API）,pwsh -NoProfile -File scripts/test_backend.ps1,none,DONE,DONE,TODO,backend/app/api/public/random.py | backend/app/core/http_stream.py | backend/app/db/random_pick.py | backend/tests/test_random_image_mode.py | backend/app/main.py,ISSUE-0002,priority:P0 milestone:M1 component:backend estimate:S todo:derived done_at:2026-02-10 evidence:pwsh -NoProfile -File scripts/test_backend.ps1:ok
ISSUE-0067,TODO: `GET /random?format=json`（验收：API）,From TODO-全量Issue拆分.md §2: `GET /random?format=json`（验收：API）,Implement and verify: `GET /random?format=json`（验收：API）,pwsh -NoProfile -File scripts/test_backend.ps1,none,DONE,DONE,TODO,backend/app/api/public/random.py | backend/tests/test_random_image_mode.py | backend/app/main.py | backend/tests/test_admin_imports_json.py,ISSUE-0002,priority:P0 milestone:M1 component:backend estimate:S todo:derived done_at:2026-02-10 evidence:pwsh -NoProfile -File scripts/test_backend.ps1:ok assumption:security.hide_origin_url_in_public_json_default:true
ISSUE-0068,TODO: `redirect=1` 302 到 `/i/{id}.{ext}`（验收：API）,From TODO-全量Issue拆分.md §2: `redirect=1` 302 到 `/i/{id}.{ext}`（验收：API）,Implement and verify: `redirect=1` 302 到 `/i/{id}.{ext}`（验收：API）,pwsh -NoProfile -File scripts/test_backend.ps1,none,DONE,DONE,TODO,backend/app/api/public/random.py | backend/tests/test_random_image_mode.py,ISSUE-0002,priority:P0 milestone:M1 component:backend estimate:S todo:derived done_at:2026-02-10 evidence:pwsh -NoProfile -File scripts/test_backend.ps1:ok
ISSUE-0069,TODO: `/i/{id}.{ext}` 流式反代（验收：API）,From TODO-全量Issue拆分.md §2: `/i/{id}.{ext}` 流式反代（验收：API）,Implement and verify: `/i/{id}.{ext}` 流式反代（验收：API）,pwsh -NoProfile -File scripts/test_backend.ps1,none,DONE,DONE,TODO,backend/app/api/public/images.py | backend/app/db/images_get.py | backend/app/main.py | backend/tests/test_image_proxy.py,ISSUE-0002,priority:P0 milestone:M1 component:backend estimate:S todo:derived done_at:2026-02-10 evidence:pwsh -NoProfile -File scripts/test_backend.ps1:ok
ISSUE-0070,TODO: httpx 流式回源 `i.pximg.net`（验收：大图不爆内存）,From TODO-全量Issue拆分.md §3: httpx 流式回源 `i.pximg.net`（验收：大图不爆内存）,Implement and verify: httpx 流式回源 `i.pximg.net`（验收：大图不爆内存）,pwsh -NoProfile -File scripts/test_backend.ps1,none,DONE,DONE,TODO,backend/tests/test_http_stream.py,ISSUE-0002,priority:P0 milestone:M1 component:backend estimate:S todo:derived done_at:2026-02-10 evidence:pwsh -NoProfile -File scripts/test_backend.ps1:ok
ISSUE-0071,TODO: 固定 `Referer: https://www.pixiv.net/`（验收：403→200）,From TODO-全量Issue拆分.md §3: 固定 `Referer: https://www.pixiv.net/`（验收：403→200）,Implement and verify: 固定 `Referer: https://www.pixiv.net/`（验收：403→200）,pwsh -NoProfile -File scripts/test_backend.ps1,none,DONE,DONE,TODO,backend/tests/test_http_stream.py,ISSUE-0002,priority:P0 milestone:M1 component:backend estimate:S todo:derived done_at:2026-02-10 evidence:pwsh -NoProfile -File scripts/test_backend.ps1:ok
ISSUE-0072,TODO: 客户端断连时取消上游请求（验收：日志与资源释放）,From TODO-全量Issue拆分.md §3: 客户端断连时取消上游请求（验收：日志与资源释放）,Implement and verify: 客户端断连时取消上游请求（验收：日志与资源释放）,pwsh -NoProfile -File scripts/test_backend.ps1,none,DONE,DONE,TODO,backend/app/core/http_stream.py | backend/tests/test_http_stream.py,ISSUE-0002,priority:P0 milestone:M1 component:backend estimate:S todo:derived done_at:2026-02-10 evidence:pwsh -NoProfile -File scripts/test_backend.ps1:ok
ISSUE-0073,TODO: 图片响应头：,From TODO-全量Issue拆分.md §3: 图片响应头：,Implement and verify: 图片响应头：,pwsh -NoProfile -File scripts/test_backend.ps1,none,DONE,DONE,TODO,backend/app/api/public/images.py | backend/tests/test_image_proxy.py,ISSUE-0002,priority:P0 milestone:M1 component:backend estimate:S todo:derived done_at:2026-02-10 evidence:pwsh -NoProfile -File scripts/test_backend.ps1:ok note:cache:/i long /random no-store
ISSUE-0074,TODO: Range 支持（可选）与透传（验收：curl -r）,From TODO-全量Issue拆分.md §3: Range 支持（可选）与透传（验收：curl -r）,Implement and verify: Range 支持（可选）与透传（验收：curl -r）,pwsh -NoProfile -File scripts/test_backend.ps1,none,DONE,DONE,TODO,backend/app/core/http_stream.py | backend/app/api/public/images.py | backend/app/api/public/random.py | backend/tests/test_image_proxy.py,ISSUE-0002,priority:P1 milestone:M1 component:backend estimate:S todo:derived done_at:2026-02-10 evidence:pwsh -NoProfile -File scripts/test_backend.ps1:ok
ISSUE-0075,TODO: claim 算法（UPDATE…RETURNING）+ lock TTL（验收：TEST 多 worker 不重复）,From TODO-全量Issue拆分.md §4: claim 算法（UPDATE…RETURNING）+ lock TTL（验收：TEST 多 worker 不重复）,Implement and verify: claim 算法（UPDATE…RETURNING）+ lock TTL（验收：TEST 多 worker 不重复）,pwsh -NoProfile -File scripts/test_backend.ps1,none,DONE,DONE,TODO,backend/app/jobs/claim.py | backend/tests/test_jobs_claim.py | docs/reviews/ISSUE-0075.md,ISSUE-0002,priority:P0 milestone:M0 component:worker estimate:S todo:derived superseded_by:ISSUE-0017 done_at:2026-02-10 evidence:pwsh -NoProfile -File scripts/test_backend.ps1:ok
ISSUE-0076,TODO: job 状态机（pending→running→completed/failed/dlq）（验收：TEST）,From TODO-全量Issue拆分.md §4: job 状态机（pending→running→completed/failed/dlq）（验收：TEST）,Implement and verify: job 状态机（pending→running→completed/failed/dlq）（验收：TEST）,pwsh -NoProfile -File scripts/test_backend.ps1,none,DONE,DONE,TODO,backend/app/jobs/model.py | backend/app/jobs/backoff.py | backend/tests/test_job_fsm.py | docs/reviews/ISSUE-0076.md,ISSUE-0002,priority:P0 milestone:M0 component:backend estimate:S todo:derived superseded_by:ISSUE-0018 done_at:2026-02-10 evidence:pwsh -NoProfile -File scripts/test_backend.ps1:ok
ISSUE-0077,TODO: backoff 计算（验收：TEST）,From TODO-全量Issue拆分.md §4: backoff 计算（验收：TEST）,Implement and verify: backoff 计算（验收：TEST）,pwsh -NoProfile -File scripts/test_backend.ps1,none,DONE,DONE,TODO,backend/app/jobs/backoff.py | backend/tests/test_job_fsm.py | docs/reviews/ISSUE-0077.md,ISSUE-0002,priority:P0 milestone:M0 component:backend estimate:S todo:derived superseded_by:ISSUE-0018 done_at:2026-02-10 evidence:pwsh -NoProfile -File scripts/test_backend.ps1:ok
ISSUE-0078,TODO: Jobs API：list/detail/retry/cancel/move-to-dlq（验收：API）,From TODO-全量Issue拆分.md §4: Jobs API：list/detail/retry/cancel/move-to-dlq（验收：API）,Implement and verify: Jobs API：list/detail/retry/cancel/move-to-dlq（验收：API）,pwsh -NoProfile -File scripts/test_backend.ps1,none,DONE,DONE,TODO,docs/reviews/ISSUE-0078.md,ISSUE-0002,priority:P0 milestone:M0 component:worker estimate:S todo:derived superseded_by:ISSUE-0172|ISSUE-0173 done_at:2026-02-10 evidence:pwsh -NoProfile -File scripts/test_backend.ps1:ok
ISSUE-0079,TODO: UI：Jobs 页面可看可操作（验收：UI）,From TODO-全量Issue拆分.md §4: UI：Jobs 页面可看可操作（验收：UI）,Implement and verify: UI：Jobs 页面可看可操作（验收：UI）,pwsh -NoProfile -File scripts/test_frontend.ps1,none,DONE,DONE,TODO,docs/reviews/ISSUE-0079.md,ISSUE-0002,priority:P0 milestone:M0 component:frontend estimate:S todo:derived superseded_by:ISSUE-0193 done_at:2026-02-10 validation_limited:test_frontend_skipped(frontend_missing) evidence:pwsh -NoProfile -File scripts/test_frontend.ps1:skipped
ISSUE-0080,TODO: 加密模块（Fernet/AES-GCM）封装（验收：TEST）,From TODO-全量Issue拆分.md §5: 加密模块（Fernet/AES-GCM）封装（验收：TEST）,Implement and verify: 加密模块（Fernet/AES-GCM）封装（验收：TEST）,pwsh -NoProfile -File scripts/test_backend.ps1,none,DONE,DONE,TODO,backend/app/core/crypto.py | backend/tests/test_crypto.py | docs/reviews/ISSUE-0080.md,ISSUE-0002,priority:P0 milestone:M3 component:backend estimate:S todo:derived superseded_by:ISSUE-0008 done_at:2026-02-10 evidence:pwsh -NoProfile -File scripts/test_backend.ps1:ok
ISSUE-0081,TODO: refresh_token write-only（验收：API 不回显）,From TODO-全量Issue拆分.md §5: refresh_token write-only（验收：API 不回显）,Implement and verify: refresh_token write-only（验收：API 不回显）,pwsh -NoProfile -File scripts/test_backend.ps1,none,DONE,DONE,TODO,docs/reviews/ISSUE-0081.md,ISSUE-0002,priority:P0 milestone:M3 component:backend estimate:S todo:derived superseded_by:ISSUE-0154|ISSUE-0155|ISSUE-0156|ISSUE-0157|ISSUE-0240 done_at:2026-02-10 evidence:pwsh -NoProfile -File scripts/test_backend.ps1:ok
ISSUE-0082,TODO: tokens CRUD（验收：API+UI）,From TODO-全量Issue拆分.md §5: tokens CRUD（验收：API+UI）,Implement and verify: tokens CRUD（验收：API+UI）,pwsh -NoProfile -File scripts/test_backend.ps1,none,DONE,DONE,TODO,docs/reviews/ISSUE-0082.md,ISSUE-0002,priority:P0 milestone:M3 component:backend estimate:S todo:derived superseded_by:ISSUE-0154|ISSUE-0155|ISSUE-0156|ISSUE-0157|ISSUE-0190 done_at:2026-02-10 evidence:pwsh -NoProfile -File scripts/test_backend.ps1:ok
ISSUE-0083,TODO: Pixiv OAuth refresh flow（验收：真实 token 可刷新）,From TODO-全量Issue拆分.md §5: Pixiv OAuth refresh flow（验收：真实 token 可刷新）,Implement and verify: Pixiv OAuth refresh flow（验收：真实 token 可刷新）,pwsh -NoProfile -File scripts/test_backend.ps1,none,DONE,DONE,TODO,backend/app/pixiv/oauth.py | backend/app/pixiv/__init__.py | backend/tests/test_pixiv_oauth.py,ISSUE-0002,priority:P0 milestone:M3 component:backend estimate:S todo:derived done_at:2026-02-10 evidence:pwsh -NoProfile -File scripts/test_backend.ps1:ok manual_verify:call app.pixiv.oauth.refresh_access_token with real refresh_token and valid PixivOauthConfig
ISSUE-0084,TODO: access token 缓存（内存）+ expireTimestamp（验收：减少 refresh 次数）,From TODO-全量Issue拆分.md §5: access token 缓存（内存）+ expireTimestamp（验收：减少 refresh 次数）,Implement and verify: access token 缓存（内存）+ expireTimestamp（验收：减少 refresh 次数）,pwsh -NoProfile -File scripts/test_backend.ps1,none,DONE,DONE,TODO,backend/app/pixiv/access_token_cache.py | backend/tests/test_access_token_cache.py,ISSUE-0002,priority:P0 milestone:M3 component:backend estimate:S todo:derived done_at:2026-02-10 evidence:pwsh -NoProfile -File scripts/test_backend.ps1:ok
ISSUE-0085,TODO: refresh 失败退避（400/401/403 长 backoff；网络短 backoff）（验收：TEST）,From TODO-全量Issue拆分.md §5: refresh 失败退避（400/401/403 长 backoff；网络短 backoff）（验收：TEST）,Implement and verify: refresh 失败退避（400/401/403 长 backoff；网络短 backoff）（验收：TEST）,pwsh -NoProfile -File scripts/test_backend.ps1,none,DONE,DONE,TODO,backend/app/pixiv/refresh_backoff.py | backend/tests/test_refresh_backoff.py,ISSUE-0002,priority:P0 milestone:M3 component:backend estimate:S todo:derived done_at:2026-02-10 evidence:pwsh -NoProfile -File scripts/test_backend.ps1:ok
ISSUE-0086,TODO: token 策略：round_robin/least_error/weighted（验收：TEST）,From TODO-全量Issue拆分.md §5: token 策略：round_robin/least_error/weighted（验收：TEST）,Implement and verify: token 策略：round_robin/least_error/weighted（验收：TEST）,pwsh -NoProfile -File scripts/test_backend.ps1,none,DONE,DONE,TODO,backend/app/pixiv/token_strategy.py | backend/tests/test_token_strategy.py,ISSUE-0002,priority:P0 milestone:M3 component:backend estimate:S todo:derived done_at:2026-02-10 evidence:pwsh -NoProfile -File scripts/test_backend.ps1:ok
ISSUE-0087,TODO: proxy_endpoints CRUD（验收：API+UI）,From TODO-全量Issue拆分.md §6: proxy_endpoints CRUD（验收：API+UI）,Implement and verify: proxy_endpoints CRUD（验收：API+UI）,pwsh -NoProfile -File scripts/test_backend.ps1,none,DONE,DONE,TODO,docs/reviews/ISSUE-0087.md,ISSUE-0002,priority:P0 milestone:M2 component:backend estimate:S todo:derived superseded_by:ISSUE-0158|ISSUE-0159|ISSUE-0160|ISSUE-0161|ISSUE-0191|ISSUE-0200 done_at:2026-02-10 evidence:pwsh -NoProfile -File scripts/test_backend.ps1:ok
ISSUE-0088,TODO: proxy password write-only（验收：API 不回显）,From TODO-全量Issue拆分.md §6: proxy password write-only（验收：API 不回显）,Implement and verify: proxy password write-only（验收：API 不回显）,pwsh -NoProfile -File scripts/test_backend.ps1,none,DONE,DONE,TODO,docs/reviews/ISSUE-0088.md,ISSUE-0002,priority:P0 milestone:M2 component:backend estimate:S todo:derived superseded_by:ISSUE-0158|ISSUE-0159|ISSUE-0160|ISSUE-0161|ISSUE-0240 done_at:2026-02-10 evidence:pwsh -NoProfile -File scripts/test_backend.ps1:ok
ISSUE-0089,TODO: 手工导入多行 URI（冲突策略）（验收：API+UI）,From TODO-全量Issue拆分.md §6: 手工导入多行 URI（冲突策略）（验收：API+UI）,Implement and verify: 手工导入多行 URI（冲突策略）（验收：API+UI）,pwsh -NoProfile -File scripts/test_backend.ps1,none,DONE,DONE,TODO,docs/reviews/ISSUE-0089.md,ISSUE-0002,priority:P0 milestone:M2 component:backend estimate:S todo:derived superseded_by:ISSUE-0159|ISSUE-0191 done_at:2026-02-10 evidence:pwsh -NoProfile -File scripts/test_backend.ps1:ok
ISSUE-0090,TODO: easy_proxies auth（可选 password）+ export（验收：API+TEST mock）,From TODO-全量Issue拆分.md §6: easy_proxies auth（可选 password）+ export（验收：API+TEST mock）,Implement and verify: easy_proxies auth（可选 password）+ export（验收：API+TEST mock）,pwsh -NoProfile -File scripts/test_backend.ps1,none,DONE,DONE,TODO,backend/app/easy_proxies/client.py | backend/app/easy_proxies/__init__.py | backend/tests/test_easy_proxies_client.py,ISSUE-0002,priority:P0 milestone:M2 component:backend estimate:S todo:derived done_at:2026-02-10 evidence:pwsh -NoProfile -File scripts/test_backend.ps1:ok
ISSUE-0091,"TODO: easy_proxies 导入 job（source=easy_proxies, source_ref=baseUrl）（验收：UI）","From TODO-全量Issue拆分.md §6: easy_proxies 导入 job（source=easy_proxies, source_ref=baseUrl）（验收：UI）","Implement and verify: easy_proxies 导入 job（source=easy_proxies, source_ref=baseUrl）（验收：UI）",pwsh -NoProfile -File scripts/test_backend.ps1,none,DONE,DONE,TODO,docs/reviews/ISSUE-0091.md,ISSUE-0002,priority:P0 milestone:M2 component:backend estimate:S todo:derived superseded_by:ISSUE-0160|ISSUE-0180|ISSUE-0204 done_at:2026-02-10 evidence:pwsh -NoProfile -File scripts/test_backend.ps1:ok
ISSUE-0092,TODO: auto refresh 定时任务（验收：METRICS/日志）,From TODO-全量Issue拆分.md §6: auto refresh 定时任务（验收：METRICS/日志）,Implement and verify: auto refresh 定时任务（验收：METRICS/日志）,pwsh -NoProfile -File scripts/test_backend.ps1,none,DONE,DONE,TODO,backend/app/easy_proxies/auto_refresh.py | backend/app/worker.py | backend/tests/test_easy_proxies_auto_refresh.py,ISSUE-0002,priority:P1 milestone:M2 component:observability estimate:S todo:derived done_at:2026-02-10 evidence:pwsh -NoProfile -File scripts/test_backend.ps1:ok env:EASY_PROXIES_BASE_URL|EASY_PROXIES_REFRESH_INTERVAL_SECONDS|EASY_PROXIES_CONFLICT_POLICY
ISSUE-0093,TODO: proxy_probe job（验收：API+DB 更新 latency）,From TODO-全量Issue拆分.md §6: proxy_probe job（验收：API+DB 更新 latency）,Implement and verify: proxy_probe job（验收：API+DB 更新 latency）,py -3.11 .codex/skills/plan/scripts/validate_issues_csv.py issues/2026-02-10_15-43-12-new-pixiv-api-delivery.csv,none,DONE,DONE,TODO,docs/reviews/ISSUE-0093.md,ISSUE-0002,priority:P0 milestone:M2 component:db estimate:S todo:derived superseded_by:ISSUE-0161|ISSUE-0179|ISSUE-0205|ISSUE-0233 done_at:2026-02-10 evidence:validate_issues_csv:ok
ISSUE-0094,TODO: 健康评分与过滤（验收：random/hydrate 只用健康 proxy）,From TODO-全量Issue拆分.md §6: 健康评分与过滤（验收：random/hydrate 只用健康 proxy）,Implement and verify: 健康评分与过滤（验收：random/hydrate 只用健康 proxy）,py -3.11 .codex/skills/plan/scripts/validate_issues_csv.py issues/2026-02-10_15-43-12-new-pixiv-api-delivery.csv,none,DONE,DONE,TODO,docs/reviews/ISSUE-0094.md,ISSUE-0002,priority:P0 milestone:M2 component:backend estimate:S todo:derived superseded_by:ISSUE-0101|ISSUE-0158|ISSUE-0179 done_at:2026-02-10 evidence:validate_issues_csv:ok
ISSUE-0095,TODO: blacklist 策略（失败阈值→blacklisted_until）（验收：DB）,From TODO-全量Issue拆分.md §6: blacklist 策略（失败阈值→blacklisted_until）（验收：DB）,Implement and verify: blacklist 策略（失败阈值→blacklisted_until）（验收：DB）,py -3.11 .codex/skills/plan/scripts/validate_issues_csv.py issues/2026-02-10_15-43-12-new-pixiv-api-delivery.csv,none,DONE,DONE,TODO,docs/reviews/ISSUE-0095.md,ISSUE-0002,priority:P1 milestone:M2 component:db estimate:S todo:derived superseded_by:ISSUE-0179 done_at:2026-02-10 evidence:validate_issues_csv:ok
ISSUE-0096,TODO: proxy_pools CRUD（验收：UI）,From TODO-全量Issue拆分.md §7: proxy_pools CRUD（验收：UI）,Implement and verify: proxy_pools CRUD（验收：UI）,py -3.11 .codex/skills/plan/scripts/validate_issues_csv.py issues/2026-02-10_15-43-12-new-pixiv-api-delivery.csv,none,DONE,DONE,TODO,docs/reviews/ISSUE-0096.md,ISSUE-0002,priority:P0 milestone:M2 component:backend estimate:S todo:derived superseded_by:ISSUE-0162|ISSUE-0163|ISSUE-0164|ISSUE-0191 done_at:2026-02-10 evidence:validate_issues_csv:ok
ISSUE-0097,TODO: pool_endpoints 管理（enabled/weight）（验收：UI）,From TODO-全量Issue拆分.md §7: pool_endpoints 管理（enabled/weight）（验收：UI）,Implement and verify: pool_endpoints 管理（enabled/weight）（验收：UI）,py -3.11 .codex/skills/plan/scripts/validate_issues_csv.py issues/2026-02-10_15-43-12-new-pixiv-api-delivery.csv,none,DONE,DONE,TODO,docs/reviews/ISSUE-0097.md,ISSUE-0002,priority:P0 milestone:M2 component:backend estimate:S todo:derived superseded_by:ISSUE-0165|ISSUE-0191 done_at:2026-02-10 evidence:validate_issues_csv:ok
ISSUE-0098,TODO: rendezvous hashing primary 绑定（验收：TEST）,From TODO-全量Issue拆分.md §7: rendezvous hashing primary 绑定（验收：TEST）,Implement and verify: rendezvous hashing primary 绑定（验收：TEST）,py -3.11 .codex/skills/plan/scripts/validate_issues_csv.py issues/2026-02-10_15-43-12-new-pixiv-api-delivery.csv,none,DONE,DONE,TODO,docs/reviews/ISSUE-0098.md,ISSUE-0002,priority:P0 milestone:M2 component:backend estimate:S todo:derived superseded_by:ISSUE-0167 done_at:2026-02-10 evidence:validate_issues_csv:ok
ISSUE-0099,TODO: bindings 表维护（recompute）（验收：API+UI）,From TODO-全量Issue拆分.md §7: bindings 表维护（recompute）（验收：API+UI）,Implement and verify: bindings 表维护（recompute）（验收：API+UI）,py -3.11 .codex/skills/plan/scripts/validate_issues_csv.py issues/2026-02-10_15-43-12-new-pixiv-api-delivery.csv,none,DONE,DONE,TODO,docs/reviews/ISSUE-0099.md,ISSUE-0002,priority:P0 milestone:M2 component:backend estimate:S todo:derived superseded_by:ISSUE-0166|ISSUE-0167|ISSUE-0168|ISSUE-0169|ISSUE-0192 done_at:2026-02-10 evidence:validate_issues_csv:ok
ISSUE-0100,TODO: override TTL（验收：TEST + UI 显示倒计时）,From TODO-全量Issue拆分.md §7: override TTL（验收：TEST + UI 显示倒计时）,Implement and verify: override TTL（验收：TEST + UI 显示倒计时）,py -3.11 .codex/skills/plan/scripts/validate_issues_csv.py issues/2026-02-10_15-43-12-new-pixiv-api-delivery.csv,none,DONE,DONE,TODO,docs/reviews/ISSUE-0100.md,ISSUE-0002,priority:P0 milestone:M2 component:backend estimate:S todo:derived superseded_by:ISSUE-0168|ISSUE-0169|ISSUE-0192 done_at:2026-02-10 evidence:validate_issues_csv:ok
ISSUE-0101,TODO: failover：proxy_connect/proxy_auth → override；rate_limit → token backoff（验收：TEST）,From TODO-全量Issue拆分.md §7: failover：proxy_connect/proxy_auth → override；rate_limit → token backoff（验收：TEST）,Implement and verify: failover：proxy_connect/proxy_auth → override；rate_limit → token backoff（验收：TEST）,py -3.11 -m pytest -q backend/tests -k failover_policy,none,DONE,DONE,TODO,backend/app/core/failover.py | backend/tests/test_failover_policy.py,ISSUE-0002,priority:P0 milestone:M2 component:backend estimate:S todo:derived done_at:2026-02-10 evidence:pytest_failover_policy:ok
ISSUE-0102,TODO: Pixiv App API client：`/v1/illust/detail`（验收：真实返回解析）,From TODO-全量Issue拆分.md §8: Pixiv App API client：`/v1/illust/detail`（验收：真实返回解析）,Implement and verify: Pixiv App API client：`/v1/illust/detail`（验收：真实返回解析）,py -3.11 .codex/skills/plan/scripts/validate_issues_csv.py issues/2026-02-10_15-43-12-new-pixiv-api-delivery.csv,none,DONE,DONE,TODO,docs/reviews/ISSUE-0102.md,ISSUE-0002,priority:P0 milestone:M4 component:backend estimate:S todo:derived superseded_by:ISSUE-0177 done_at:2026-02-10 evidence:validate_issues_csv:ok
ISSUE-0103,TODO: normalize：width/height/orientation/aspect（验收：TEST）,From TODO-全量Issue拆分.md §8: normalize：width/height/orientation/aspect（验收：TEST）,Implement and verify: normalize：width/height/orientation/aspect（验收：TEST）,py -3.11 .codex/skills/plan/scripts/validate_issues_csv.py issues/2026-02-10_15-43-12-new-pixiv-api-delivery.csv,none,DONE,DONE,TODO,docs/reviews/ISSUE-0103.md,ISSUE-0002,priority:P0 milestone:M4 component:backend estimate:S todo:derived superseded_by:ISSUE-0177 done_at:2026-02-10 evidence:validate_issues_csv:ok
ISSUE-0104,TODO: normalize：tags(name/translated_name) 去重（验收：TEST）,From TODO-全量Issue拆分.md §8: normalize：tags(name/translated_name) 去重（验收：TEST）,Implement and verify: normalize：tags(name/translated_name) 去重（验收：TEST）,py -3.11 .codex/skills/plan/scripts/validate_issues_csv.py issues/2026-02-10_15-43-12-new-pixiv-api-delivery.csv,none,DONE,DONE,TODO,docs/reviews/ISSUE-0104.md,ISSUE-0002,priority:P0 milestone:M4 component:backend estimate:S todo:derived superseded_by:ISSUE-0177 done_at:2026-02-10 evidence:validate_issues_csv:ok
ISSUE-0105,TODO: persist：更新 images、upsert tags、sync image_tags（验收：DB）,From TODO-全量Issue拆分.md §8: persist：更新 images、upsert tags、sync image_tags（验收：DB）,Implement and verify: persist：更新 images、upsert tags、sync image_tags（验收：DB）,py -3.11 .codex/skills/plan/scripts/validate_issues_csv.py issues/2026-02-10_15-43-12-new-pixiv-api-delivery.csv,none,DONE,DONE,TODO,docs/reviews/ISSUE-0105.md,ISSUE-0002,priority:P0 milestone:M4 component:db estimate:S todo:derived superseded_by:ISSUE-0177 done_at:2026-02-10 evidence:validate_issues_csv:ok
ISSUE-0106,TODO: hydrate job handler（验收：Jobs UI 可看到成功/失败）,From TODO-全量Issue拆分.md §8: hydrate job handler（验收：Jobs UI 可看到成功/失败）,Implement and verify: hydrate job handler（验收：Jobs UI 可看到成功/失败）,py -3.11 .codex/skills/plan/scripts/validate_issues_csv.py issues/2026-02-10_15-43-12-new-pixiv-api-delivery.csv,none,DONE,DONE,TODO,docs/reviews/ISSUE-0106.md,ISSUE-0002,priority:P0 milestone:M4 component:worker estimate:S todo:derived superseded_by:ISSUE-0172|ISSUE-0177|ISSUE-0193 done_at:2026-02-10 evidence:validate_issues_csv:ok
ISSUE-0107,TODO: backfill run（hydration_runs）创建/暂停/恢复/取消（验收：UI）,From TODO-全量Issue拆分.md §8: backfill run（hydration_runs）创建/暂停/恢复/取消（验收：UI）,Implement and verify: backfill run（hydration_runs）创建/暂停/恢复/取消（验收：UI）,py -3.11 .codex/skills/plan/scripts/validate_issues_csv.py issues/2026-02-10_15-43-12-new-pixiv-api-delivery.csv,none,DONE,DONE,TODO,docs/reviews/ISSUE-0107.md,ISSUE-0002,priority:P0 milestone:M4 component:backend estimate:S todo:derived superseded_by:ISSUE-0170|ISSUE-0171|ISSUE-0193 done_at:2026-02-10 evidence:validate_issues_csv:ok
ISSUE-0108,TODO: opportunistic hydrate（random 命中缺元信息时入队）（验收：METRICS）,From TODO-全量Issue拆分.md §8: opportunistic hydrate（random 命中缺元信息时入队）（验收：METRICS）,Implement and verify: opportunistic hydrate（random 命中缺元信息时入队）（验收：METRICS）,py -3.11 .codex/skills/plan/scripts/validate_issues_csv.py issues/2026-02-10_15-43-12-new-pixiv-api-delivery.csv,none,DONE,DONE,TODO,docs/reviews/ISSUE-0108.md,ISSUE-0002,priority:P1 milestone:M4 component:observability estimate:S todo:derived superseded_by:ISSUE-0242|ISSUE-0243 done_at:2026-02-10 evidence:validate_issues_csv:ok
ISSUE-0109,TODO: filters：r18 + strict（含 NULL 语义） （验收：TEST）,From TODO-全量Issue拆分.md §9: filters：r18 + strict（含 NULL 语义） （验收：TEST）,Implement and verify: filters：r18 + strict（含 NULL 语义） （验收：TEST）,py -3.11 -m pytest -q backend/tests -k r18_filter,none,DONE,DONE,TODO,backend/app/api/public/random.py | backend/app/db/random_pick.py | backend/tests/test_random_r18_filter.py,ISSUE-0002,priority:P0 milestone:M5 component:backend estimate:S todo:derived done_at:2026-02-10 evidence:pytest_r18_filter:ok
ISSUE-0110,TODO: filters：orientation/min_width/min_height/min_pixels（验收：TEST）,From TODO-全量Issue拆分.md §9: filters：orientation/min_width/min_height/min_pixels（验收：TEST）,Implement and verify: filters：orientation/min_width/min_height/min_pixels（验收：TEST）,py -3.11 -m pytest -q backend/tests -k geometry_filters,none,DONE,DONE,TODO,backend/app/api/public/random.py | backend/app/db/random_pick.py | backend/tests/test_random_geometry_filters.py,ISSUE-0002,priority:P0 milestone:M5 component:backend estimate:S todo:derived done_at:2026-02-10 evidence:pytest_geometry_filters:ok
ISSUE-0111,TODO: filters：included_tags/excluded_tags（验收：TEST）,From TODO-全量Issue拆分.md §9: filters：included_tags/excluded_tags（验收：TEST）,Implement and verify: filters：included_tags/excluded_tags（验收：TEST）,py -3.11 -m pytest -q backend/tests/test_random_tag_filters.py backend/tests/test_random_json_tags.py,none,DONE,DONE,TODO,backend/app/api/public/random.py | backend/app/db/random_pick.py | backend/app/db/tags_get.py | backend/tests/test_random_tag_filters.py | backend/tests/test_random_json_tags.py,ISSUE-0002,priority:P0 milestone:M5 component:backend estimate:S todo:derived done_at:2026-02-10 evidence:pytest_tag_filters:ok
ISSUE-0112,TODO: filters：user_id/illust_id（验收：TEST）,From TODO-全量Issue拆分.md §9: filters：user_id/illust_id（验收：TEST）,Implement and verify: filters：user_id/illust_id（验收：TEST）,py -3.11 -m pytest -q backend/tests -k user_illust_filters,none,DONE,DONE,TODO,backend/app/api/public/random.py | backend/app/db/random_pick.py | backend/tests/test_random_user_illust_filters.py,ISSUE-0002,priority:P0 milestone:M5 component:backend estimate:S todo:derived done_at:2026-02-10 evidence:pytest_user_illust_filters:ok
ISSUE-0113,TODO: filters：created_from/to（验收：TEST）,From TODO-全量Issue拆分.md §9: filters：created_from/to（验收：TEST）,Implement and verify: filters：created_from/to（验收：TEST）,py -3.11 -m pytest -q backend/tests -k created_filters,none,DONE,DONE,TODO,backend/app/api/public/random.py | backend/app/db/random_pick.py | backend/tests/test_random_created_filters.py,ISSUE-0002,priority:P1 milestone:M5 component:backend estimate:S todo:derived done_at:2026-02-10 evidence:pytest_created_filters:ok
ISSUE-0114,TODO: NO_MATCH hints（applied_filters + suggestions）（验收：API）,From TODO-全量Issue拆分.md §9: NO_MATCH hints（applied_filters + suggestions）（验收：API）,Implement and verify: NO_MATCH hints（applied_filters + suggestions）（验收：API）,py -3.11 -m pytest -q backend/tests/test_random_image_mode.py -k no_match_returns_404,none,DONE,DONE,TODO,backend/app/api/public/random.py | backend/tests/test_random_image_mode.py,ISSUE-0002,priority:P0 milestone:M5 component:backend estimate:S todo:derived done_at:2026-02-10 evidence:pytest_no_match_hints:ok
ISSUE-0115,TODO: attempts 换图重试（坏图/超时）（验收：API）,From TODO-全量Issue拆分.md §9: attempts 换图重试（坏图/超时）（验收：API）,Implement and verify: attempts 换图重试（坏图/超时）（验收：API）,py -3.11 -m pytest -q backend/tests -k attempts_retry,none,DONE,DONE,TODO,backend/app/api/public/random.py | backend/app/db/random_pick.py | backend/tests/test_random_attempts_retry.py,ISSUE-0002,priority:P0 milestone:M5 component:backend estimate:S todo:derived done_at:2026-02-10 evidence:pytest_attempts_retry:ok
ISSUE-0116,TODO: fail cooldown（last_fail_at 冷却）（验收：DB+API）,From TODO-全量Issue拆分.md §9: fail cooldown（last_fail_at 冷却）（验收：DB+API）,Implement and verify: fail cooldown（last_fail_at 冷却）（验收：DB+API）,py -3.11 -m pytest -q backend/tests -k fail_cooldown,none,DONE,DONE,TODO,backend/app/api/public/random.py | backend/app/core/time.py | backend/app/db/images_mark.py | backend/app/db/random_pick.py | backend/tests/test_random_fail_cooldown.py,ISSUE-0002,priority:P0 milestone:M5 component:db estimate:S todo:derived done_at:2026-02-10 evidence:pytest_fail_cooldown:ok
ISSUE-0117,TODO: 登录与路由保护（验收：UI）,From TODO-全量Issue拆分.md §10: 登录与路由保护（验收：UI）,Implement and verify: 登录与路由保护（验收：UI）,py -3.11 .codex/skills/plan/scripts/validate_issues_csv.py issues/2026-02-10_15-43-12-new-pixiv-api-delivery.csv,none,DONE,DONE,TODO,docs/reviews/ISSUE-0117.md,ISSUE-0002,priority:P0 milestone:M6 component:frontend estimate:S todo:derived superseded_by:ISSUE-0181|ISSUE-0182|ISSUE-0183 done_at:2026-02-10 evidence:validate_issues_csv:ok
ISSUE-0118,TODO: 全局错误处理（ApiErrorAlert）与 request_id 展示（验收：UI）,From TODO-全量Issue拆分.md §10: 全局错误处理（ApiErrorAlert）与 request_id 展示（验收：UI）,Implement and verify: 全局错误处理（ApiErrorAlert）与 request_id 展示（验收：UI）,py -3.11 .codex/skills/plan/scripts/validate_issues_csv.py issues/2026-02-10_15-43-12-new-pixiv-api-delivery.csv,none,DONE,DONE,TODO,docs/reviews/ISSUE-0118.md,ISSUE-0002,priority:P0 milestone:M6 component:frontend estimate:S todo:derived superseded_by:ISSUE-0181 done_at:2026-02-10 evidence:validate_issues_csv:ok
ISSUE-0119,TODO: TanStack Query 缓存策略（验收：UI 不卡）,From TODO-全量Issue拆分.md §10: TanStack Query 缓存策略（验收：UI 不卡）,Implement and verify: TanStack Query 缓存策略（验收：UI 不卡）,py -3.11 .codex/skills/plan/scripts/validate_issues_csv.py issues/2026-02-10_15-43-12-new-pixiv-api-delivery.csv,none,DONE,DONE,TODO,docs/reviews/ISSUE-0119.md,ISSUE-0002,priority:P0 milestone:M6 component:frontend estimate:S todo:derived superseded_by:ISSUE-0181 done_at:2026-02-10 evidence:validate_issues_csv:ok
ISSUE-0120,TODO: Dashboard 闭环卡片（验收：UI）,From TODO-全量Issue拆分.md §10: Dashboard 闭环卡片（验收：UI）,Implement and verify: Dashboard 闭环卡片（验收：UI）,py -3.11 .codex/skills/plan/scripts/validate_issues_csv.py issues/2026-02-10_15-43-12-new-pixiv-api-delivery.csv,none,DONE,DONE,TODO,docs/reviews/ISSUE-0120.md,ISSUE-0002,priority:P0 milestone:M6 component:frontend estimate:S todo:derived superseded_by:ISSUE-0183 done_at:2026-02-10 evidence:validate_issues_csv:ok
ISSUE-0121,TODO: Import（preview/导入/记录/详情/回滚）（验收：UI）,From TODO-全量Issue拆分.md §10: Import（preview/导入/记录/详情/回滚）（验收：UI）,Implement and verify: Import（preview/导入/记录/详情/回滚）（验收：UI）,py -3.11 .codex/skills/plan/scripts/validate_issues_csv.py issues/2026-02-10_15-43-12-new-pixiv-api-delivery.csv,none,DONE,DONE,TODO,docs/reviews/ISSUE-0121.md,ISSUE-0002,priority:P0 milestone:M6 component:frontend estimate:S todo:derived superseded_by:ISSUE-0184|ISSUE-0185 done_at:2026-02-10 evidence:validate_issues_csv:ok
ISSUE-0122,TODO: Images（列表/详情/动作）（验收：UI）,From TODO-全量Issue拆分.md §10: Images（列表/详情/动作）（验收：UI）,Implement and verify: Images（列表/详情/动作）（验收：UI）,py -3.11 .codex/skills/plan/scripts/validate_issues_csv.py issues/2026-02-10_15-43-12-new-pixiv-api-delivery.csv,none,DONE,DONE,TODO,docs/reviews/ISSUE-0122.md,ISSUE-0002,priority:P0 milestone:M6 component:frontend estimate:S todo:derived superseded_by:ISSUE-0186 done_at:2026-02-10 evidence:validate_issues_csv:ok
ISSUE-0123,TODO: Tokens（新增/测试/启停/退避）（验收：UI）,From TODO-全量Issue拆分.md §10: Tokens（新增/测试/启停/退避）（验收：UI）,Implement and verify: Tokens（新增/测试/启停/退避）（验收：UI）,py -3.11 .codex/skills/plan/scripts/validate_issues_csv.py issues/2026-02-10_15-43-12-new-pixiv-api-delivery.csv,none,DONE,DONE,TODO,docs/reviews/ISSUE-0123.md,ISSUE-0002,priority:P0 milestone:M6 component:frontend estimate:S todo:derived superseded_by:ISSUE-0190 done_at:2026-02-10 evidence:validate_issues_csv:ok
ISSUE-0124,TODO: Proxies（导入/easy_proxies/探测）（验收：UI）,From TODO-全量Issue拆分.md §10: Proxies（导入/easy_proxies/探测）（验收：UI）,Implement and verify: Proxies（导入/easy_proxies/探测）（验收：UI）,py -3.11 .codex/skills/plan/scripts/validate_issues_csv.py issues/2026-02-10_15-43-12-new-pixiv-api-delivery.csv,none,DONE,DONE,TODO,docs/reviews/ISSUE-0124.md,ISSUE-0002,priority:P0 milestone:M6 component:frontend estimate:S todo:derived superseded_by:ISSUE-0191|ISSUE-0200|ISSUE-0205 done_at:2026-02-10 evidence:validate_issues_csv:ok
ISSUE-0125,TODO: Pools（CRUD+加入端点）（验收：UI）,From TODO-全量Issue拆分.md §10: Pools（CRUD+加入端点）（验收：UI）,Implement and verify: Pools（CRUD+加入端点）（验收：UI）,py -3.11 .codex/skills/plan/scripts/validate_issues_csv.py issues/2026-02-10_15-43-12-new-pixiv-api-delivery.csv,none,DONE,DONE,TODO,docs/reviews/ISSUE-0125.md,ISSUE-0002,priority:P0 milestone:M6 component:frontend estimate:S todo:derived superseded_by:ISSUE-0162|ISSUE-0163|ISSUE-0164|ISSUE-0165|ISSUE-0191 done_at:2026-02-10 evidence:validate_issues_csv:ok
ISSUE-0126,TODO: Bindings（recompute/override）（验收：UI）,From TODO-全量Issue拆分.md §10: Bindings（recompute/override）（验收：UI）,Implement and verify: Bindings（recompute/override）（验收：UI）,py -3.11 .codex/skills/plan/scripts/validate_issues_csv.py issues/2026-02-10_15-43-12-new-pixiv-api-delivery.csv,none,DONE,DONE,TODO,docs/reviews/ISSUE-0126.md,ISSUE-0002,priority:P0 milestone:M6 component:frontend estimate:S todo:derived superseded_by:ISSUE-0166|ISSUE-0167|ISSUE-0168|ISSUE-0169|ISSUE-0192 done_at:2026-02-10 evidence:validate_issues_csv:ok
ISSUE-0127,TODO: Jobs（list/detail/retry）（验收：UI）,From TODO-全量Issue拆分.md §10: Jobs（list/detail/retry）（验收：UI）,Implement and verify: Jobs（list/detail/retry）（验收：UI）,py -3.11 .codex/skills/plan/scripts/validate_issues_csv.py issues/2026-02-10_15-43-12-new-pixiv-api-delivery.csv,none,DONE,DONE,TODO,docs/reviews/ISSUE-0127.md,ISSUE-0002,priority:P0 milestone:M6 component:frontend estimate:S todo:derived superseded_by:ISSUE-0172|ISSUE-0173|ISSUE-0193 done_at:2026-02-10 evidence:validate_issues_csv:ok
ISSUE-0128,TODO: Settings（保存与恢复默认）（验收：UI）,From TODO-全量Issue拆分.md §10: Settings（保存与恢复默认）（验收：UI）,Implement and verify: Settings（保存与恢复默认）（验收：UI）,py -3.11 .codex/skills/plan/scripts/validate_issues_csv.py issues/2026-02-10_15-43-12-new-pixiv-api-delivery.csv,none,DONE,DONE,TODO,docs/reviews/ISSUE-0128.md,ISSUE-0002,priority:P0 milestone:M6 component:frontend estimate:S todo:derived superseded_by:ISSUE-0174|ISSUE-0175|ISSUE-0194 done_at:2026-02-10 evidence:validate_issues_csv:ok
ISSUE-0129,TODO: Audit（验收：UI）,From TODO-全量Issue拆分.md §10: Audit（验收：UI）,Implement and verify: Audit（验收：UI）,py -3.11 .codex/skills/plan/scripts/validate_issues_csv.py issues/2026-02-10_15-43-12-new-pixiv-api-delivery.csv,none,DONE,DONE,TODO,docs/reviews/ISSUE-0129.md,ISSUE-0002,priority:P1 milestone:M6 component:frontend estimate:S todo:derived superseded_by:ISSUE-0195 done_at:2026-02-10 evidence:validate_issues_csv:ok
ISSUE-0130,TODO: Random Playground（拼参数+预览+复制 curl）（验收：UI）,From TODO-全量Issue拆分.md §10: Random Playground（拼参数+预览+复制 curl）（验收：UI）,Implement and verify: Random Playground（拼参数+预览+复制 curl）（验收：UI）,py -3.11 .codex/skills/plan/scripts/validate_issues_csv.py issues/2026-02-10_15-43-12-new-pixiv-api-delivery.csv,none,DONE,DONE,TODO,docs/reviews/ISSUE-0130.md,ISSUE-0002,priority:P0 milestone:M6 component:frontend estimate:S todo:derived superseded_by:ISSUE-0187 done_at:2026-02-10 evidence:validate_issues_csv:ok
ISSUE-0131,TODO: `/metrics` 基础指标（random 成功率、job 成功率、代理健康）（验收：METRICS）,From TODO-全量Issue拆分.md §11: `/metrics` 基础指标（random 成功率、job 成功率、代理健康）（验收：METRICS）,Implement and verify: `/metrics` 基础指标（random 成功率、job 成功率、代理健康）（验收：METRICS）,pwsh -NoProfile -File scripts/test_backend.ps1,none,DONE,DONE,TODO,module:backend,ISSUE-0002,priority:P0 milestone:M7 component:observability estimate:S todo:derived done_at:2026-02-10 evidence:pwsh -NoProfile -File scripts/test_backend.ps1:ok
ISSUE-0132,TODO: `/healthz` 输出依赖状态（DB/worker/queue）（验收：API）,From TODO-全量Issue拆分.md §11: `/healthz` 输出依赖状态（DB/worker/queue）（验收：API）,Implement and verify: `/healthz` 输出依赖状态（DB/worker/queue）（验收：API）,pwsh -NoProfile -File scripts/test_backend.ps1,none,DONE,DONE,TODO,module:backend,ISSUE-0002,priority:P0 milestone:M7 component:worker estimate:S todo:derived done_at:2026-02-10 evidence:pwsh -NoProfile -File scripts/test_backend.ps1:ok
ISSUE-0133,TODO: 安全单测：敏感字段不回显（验收：TEST）,From TODO-全量Issue拆分.md §11: 安全单测：敏感字段不回显（验收：TEST）,Implement and verify: 安全单测：敏感字段不回显（验收：TEST）,pwsh -NoProfile -File scripts/test_backend.ps1,none,DONE,DONE,TODO,module:backend,ISSUE-0002,priority:P0 milestone:M7 component:security estimate:S todo:derived done_at:2026-02-10 evidence:pwsh -NoProfile -File scripts/test_backend.ps1:ok
ISSUE-0134,TODO: e2e 最小脚本：导入 10 条 → random json 返回 OK/NO_MATCH 合理（验收：TEST）,From TODO-全量Issue拆分.md §11: e2e 最小脚本：导入 10 条 → random json 返回 OK/NO_MATCH 合理（验收：TEST）,Implement and verify: e2e 最小脚本：导入 10 条 → random json 返回 OK/NO_MATCH 合理（验收：TEST）,pwsh -NoProfile -File scripts/test_backend.ps1,none,DONE,DONE,TODO,module:backend,ISSUE-0002,priority:P0 milestone:M7 component:backend estimate:S todo:derived done_at:2026-02-10 evidence:pwsh -NoProfile -File scripts/test_backend.ps1:ok
ISSUE-0135,TODO: 负载测试脚本（k6/locust）（验收：报告）,From TODO-全量Issue拆分.md §11: 负载测试脚本（k6/locust）（验收：报告）,Implement and verify: 负载测试脚本（k6/locust）（验收：报告）,pwsh -NoProfile -File scripts/test_backend.ps1,none,DONE,DONE,TODO,module:backend,ISSUE-0002,priority:P1 milestone:M7 component:backend estimate:S todo:derived done_at:2026-02-10 evidence:pwsh -NoProfile -File scripts/test_backend.ps1:ok report:docs/qa/reports/2026-02-10_random_bench.json
ISSUE-0136,TODO: imgproxy 支持（签名 URL，防滥用）,From TODO-全量Issue拆分.md §12: imgproxy 支持（签名 URL，防滥用）,Implement and verify: imgproxy 支持（签名 URL，防滥用）,pwsh -NoProfile -File scripts/test_backend.ps1,none,TODO,TODO,TODO,module:backend,ISSUE-0002,priority:P1 milestone:M7 component:backend estimate:S todo:derived
ISSUE-0137,TODO: API Key 系统（对外限流/计费）,From TODO-全量Issue拆分.md §12: API Key 系统（对外限流/计费）,Implement and verify: API Key 系统（对外限流/计费）,pwsh -NoProfile -File scripts/test_backend.ps1,none,TODO,TODO,TODO,module:backend,ISSUE-0002,priority:P1 milestone:M7 component:backend estimate:S todo:derived
ISSUE-0138,TODO: 多 proxy pool（按域名/按地区路由）,From TODO-全量Issue拆分.md §12: 多 proxy pool（按域名/按地区路由）,Implement and verify: 多 proxy pool（按域名/按地区路由）,pwsh -NoProfile -File scripts/test_backend.ps1,none,TODO,TODO,TODO,module:backend,ISSUE-0002,priority:P1 milestone:M7 component:backend estimate:S todo:derived
ISSUE-0139,TODO: FTS（tags/author 搜索加速）,From TODO-全量Issue拆分.md §12: FTS（tags/author 搜索加速）,Implement and verify: FTS（tags/author 搜索加速）,pwsh -NoProfile -File scripts/test_backend.ps1,none,TODO,TODO,TODO,module:backend,ISSUE-0002,priority:P2 milestone:M7 component:backend estimate:S todo:derived
ISSUE-0140,TODO: 数据归档/清理策略（request_logs 分表/清理）,From TODO-全量Issue拆分.md §12: 数据归档/清理策略（request_logs 分表/清理）,Implement and verify: 数据归档/清理策略（request_logs 分表/清理）,pwsh -NoProfile -File scripts/test_backend.ps1,none,TODO,TODO,TODO,module:backend,ISSUE-0002,priority:P2 milestone:M7 component:backend estimate:S todo:derived
ISSUE-0141,API: GET /random,Implement GET /random per API契约-详细.md; request_id; stable error codes; no secret leaks.,GET /random matches contract; tests exist.,pwsh -NoProfile -File scripts/test_backend.ps1,none,DONE,DONE,TODO,module:backend,ISSUE-0023,priority:P0 milestone:M1 component:backend estimate:S done_at:2026-02-10 evidence:pwsh -NoProfile -File scripts/test_backend.ps1:ok
ISSUE-0142,API: GET /i/{image_id}.{ext},Implement GET /i/{image_id}.{ext} per API契约-详细.md; request_id; stable error codes; no secret leaks.,GET /i/{image_id}.{ext} matches contract; tests exist.,pwsh -NoProfile -File scripts/test_backend.ps1,none,DONE,DONE,TODO,module:backend,ISSUE-0023,priority:P0 milestone:M1 component:backend estimate:S done_at:2026-02-10 evidence:pwsh -NoProfile -File scripts/test_backend.ps1:ok review:docs/reviews/ISSUE-0142.md
ISSUE-0143,API: GET /images,Implement GET /images per API契约-详细.md; request_id; stable error codes; no secret leaks.,GET /images matches contract; tests exist.,pwsh -NoProfile -File scripts/test_backend.ps1,none,DONE,DONE,TODO,module:backend,ISSUE-0023 | ISSUE-0025 | ISSUE-0027,priority:P0 milestone:M5 component:backend estimate:S done_at:2026-02-10 evidence:pwsh -NoProfile -File scripts/test_backend.ps1:ok
ISSUE-0144,API: GET /images/{id},Implement GET /images/{id} per API契约-详细.md; request_id; stable error codes; no secret leaks.,GET /images/{id} matches contract; tests exist.,pwsh -NoProfile -File scripts/test_backend.ps1,none,DONE,DONE,TODO,module:backend,ISSUE-0023 | ISSUE-0025 | ISSUE-0027,priority:P0 milestone:M5 component:backend estimate:S done_at:2026-02-10 evidence:pwsh -NoProfile -File scripts/test_backend.ps1:ok
ISSUE-0145,API: GET /tags,Implement GET /tags per API契约-详细.md; request_id; stable error codes; no secret leaks.,GET /tags matches contract; tests exist.,pwsh -NoProfile -File scripts/test_backend.ps1,none,DONE,DONE,TODO,module:backend,ISSUE-0025,priority:P0 milestone:M5 component:backend estimate:S done_at:2026-02-11 evidence:pwsh -NoProfile -File scripts/test_backend.ps1:ok
ISSUE-0146,API: GET /authors,Implement GET /authors per API契约-详细.md; request_id; stable error codes; no secret leaks.,GET /authors matches contract; tests exist.,pwsh -NoProfile -File scripts/test_backend.ps1,none,DONE,DONE,TODO,module:backend,ISSUE-0023,priority:P0 milestone:M5 component:backend estimate:S done_at:2026-02-11 evidence:pwsh -NoProfile -File scripts/test_backend.ps1:ok
ISSUE-0147,API: GET /{illust_id}.{ext},Implement GET /{illust_id}.{ext} per API契约-详细.md; request_id; stable error codes; no secret leaks.,GET /{illust_id}.{ext} matches contract; tests exist.,pwsh -NoProfile -File scripts/test_backend.ps1,none,DONE,DONE,TODO,module:backend,ISSUE-0023,priority:P0 milestone:M1 component:backend estimate:S done_at:2026-02-11 evidence:pwsh -NoProfile -File scripts/test_backend.ps1:ok
ISSUE-0148,API: GET /{illust_id}-{page}.{ext},Implement GET /{illust_id}-{page}.{ext} per API契约-详细.md; request_id; stable error codes; no secret leaks.,GET /{illust_id}-{page}.{ext} matches contract; tests exist.,pwsh -NoProfile -File scripts/test_backend.ps1,none,DONE,DONE,TODO,module:backend,ISSUE-0023,priority:P0 milestone:M1 component:backend estimate:S done_at:2026-02-11 evidence:pwsh -NoProfile -File scripts/test_backend.ps1:ok
ISSUE-0149,API: POST /admin/api/login,Implement POST /admin/api/login per API契约-详细.md; request_id; stable error codes; no secret leaks.,POST /admin/api/login matches contract; tests exist.,pwsh -NoProfile -File scripts/test_backend.ps1,none,DONE,DONE,TODO,module:backend,ISSUE-0011,priority:P0 milestone:M0 component:backend estimate:S done_at:2026-02-11 evidence:pwsh -NoProfile -File scripts/test_backend.ps1:ok
ISSUE-0150,API: POST /admin/api/logout,Implement POST /admin/api/logout per API契约-详细.md; request_id; stable error codes; no secret leaks.,POST /admin/api/logout matches contract; tests exist.,pwsh -NoProfile -File scripts/test_backend.ps1,none,DONE,DONE,TODO,module:backend,ISSUE-0011,priority:P0 milestone:M0 component:backend estimate:S done_at:2026-02-11 evidence:pwsh -NoProfile -File scripts/test_backend.ps1:ok
ISSUE-0151,API: POST /admin/api/imports,Implement POST /admin/api/imports per API契约-详细.md; request_id; stable error codes; no secret leaks.,POST /admin/api/imports matches contract; tests exist.,pwsh -NoProfile -File scripts/test_backend.ps1,none,DONE,DONE,TODO,module:backend,ISSUE-0011 | ISSUE-0021 | ISSUE-0041 | ISSUE-0023,priority:P0 milestone:M1 component:backend estimate:S done_at:2026-02-11 evidence:pwsh -NoProfile -File scripts/test_backend.ps1:ok
ISSUE-0152,API: GET /admin/api/imports/{id},Implement GET /admin/api/imports/{id} per API契约-详细.md; request_id; stable error codes; no secret leaks.,GET /admin/api/imports/{id} matches contract; tests exist.,pwsh -NoProfile -File scripts/test_backend.ps1,none,DONE,DONE,TODO,module:backend,ISSUE-0011 | ISSUE-0021 | ISSUE-0041 | ISSUE-0023,priority:P0 milestone:M1 component:backend estimate:S done_at:2026-02-11 evidence:pwsh -NoProfile -File scripts/test_backend.ps1:ok
ISSUE-0153,API: POST /admin/api/imports/{id}/rollback,Implement POST /admin/api/imports/{id}/rollback per API契约-详细.md; request_id; stable error codes; no secret leaks.,POST /admin/api/imports/{id}/rollback matches contract; tests exist.,pwsh -NoProfile -File scripts/test_backend.ps1,none,DONE,DONE,TODO,module:backend,ISSUE-0011 | ISSUE-0021 | ISSUE-0041 | ISSUE-0023,priority:P0 milestone:M1 component:backend estimate:S done_at:2026-02-11 evidence:pwsh -NoProfile -File scripts/test_backend.ps1:ok
ISSUE-0154,API: GET /admin/api/tokens,Implement GET /admin/api/tokens per API契约-详细.md; request_id; stable error codes; no secret leaks.,GET /admin/api/tokens matches contract; tests exist.,pwsh -NoProfile -File scripts/test_backend.ps1,none,DONE,DONE,TODO,module:backend,ISSUE-0011 | ISSUE-0029 | ISSUE-0008,priority:P0 milestone:M3 component:backend estimate:S done_at:2026-02-11 evidence:pwsh -NoProfile -File scripts/test_backend.ps1:ok
ISSUE-0155,API: POST /admin/api/tokens,Implement POST /admin/api/tokens per API契约-详细.md; request_id; stable error codes; no secret leaks.,POST /admin/api/tokens matches contract; tests exist.,pwsh -NoProfile -File scripts/test_backend.ps1,none,DONE,DONE,TODO,module:backend,ISSUE-0011 | ISSUE-0029 | ISSUE-0008,priority:P0 milestone:M3 component:backend estimate:S done_at:2026-02-11 evidence:pwsh -NoProfile -File scripts/test_backend.ps1:ok
ISSUE-0156,API: POST /admin/api/tokens/{id}/test-refresh,Implement POST /admin/api/tokens/{id}/test-refresh per API契约-详细.md; request_id; stable error codes; no secret leaks.,POST /admin/api/tokens/{id}/test-refresh matches contract; tests exist.,pwsh -NoProfile -File scripts/test_backend.ps1,none,DONE,DONE,TODO,module:backend,ISSUE-0011 | ISSUE-0029 | ISSUE-0008,priority:P0 milestone:M3 component:backend estimate:S assumption:pixiv_oauth_env:PIXIV_OAUTH_CLIENT_ID/PIXIV_OAUTH_CLIENT_SECRET/PIXIV_OAUTH_HASH_SECRET done_at:2026-02-11 evidence:pwsh -NoProfile -File scripts/test_backend.ps1:ok
ISSUE-0157,API: POST /admin/api/tokens/{id}/reset-failures,Implement POST /admin/api/tokens/{id}/reset-failures per API契约-详细.md; request_id; stable error codes; no secret leaks.,POST /admin/api/tokens/{id}/reset-failures matches contract; tests exist.,pwsh -NoProfile -File scripts/test_backend.ps1,none,DONE,DONE,TODO,module:backend,ISSUE-0011 | ISSUE-0029 | ISSUE-0008,priority:P0 milestone:M3 component:backend estimate:S done_at:2026-02-11 evidence:pwsh -NoProfile -File scripts/test_backend.ps1:ok
ISSUE-0158,API: GET /admin/api/proxies/endpoints,Implement GET /admin/api/proxies/endpoints per API契约-详细.md; request_id; stable error codes; no secret leaks.,GET /admin/api/proxies/endpoints matches contract; tests exist.,pwsh -NoProfile -File scripts/test_backend.ps1,none,DONE,DONE,TODO,module:backend,ISSUE-0011 | ISSUE-0031 | ISSUE-0008,priority:P0 milestone:M2 component:backend estimate:S done_at:2026-02-11 evidence:pwsh -NoProfile -File scripts/test_backend.ps1:ok
ISSUE-0159,API: POST /admin/api/proxies/endpoints/import,Implement POST /admin/api/proxies/endpoints/import per API契约-详细.md; request_id; stable error codes; no secret leaks.,POST /admin/api/proxies/endpoints/import matches contract; tests exist.,pwsh -NoProfile -File scripts/test_backend.ps1,none,DONE,DONE,TODO,module:backend,ISSUE-0011 | ISSUE-0031 | ISSUE-0008,priority:P0 milestone:M2 component:backend estimate:S done_at:2026-02-11 evidence:pwsh -NoProfile -File scripts/test_backend.ps1:ok
ISSUE-0160,API: POST /admin/api/proxies/easy-proxies/import,Implement POST /admin/api/proxies/easy-proxies/import per API契约-详细.md; request_id; stable error codes; no secret leaks.,POST /admin/api/proxies/easy-proxies/import matches contract; tests exist.,pwsh -NoProfile -File scripts/test_backend.ps1,none,DONE,DONE,TODO,module:backend,ISSUE-0011 | ISSUE-0031 | ISSUE-0008,priority:P0 milestone:M2 component:backend estimate:S done_at:2026-02-11 evidence:pwsh -NoProfile -File scripts/test_backend.ps1:ok
ISSUE-0161,API: POST /admin/api/proxies/probe,Implement POST /admin/api/proxies/probe per API契约-详细.md; request_id; stable error codes; no secret leaks.,POST /admin/api/proxies/probe matches contract; tests exist.,pwsh -NoProfile -File scripts/test_backend.ps1,none,DONE,DONE,TODO,module:backend,ISSUE-0011 | ISSUE-0031 | ISSUE-0008,priority:P0 milestone:M2 component:backend estimate:S done_at:2026-02-11 evidence:pwsh -NoProfile -File scripts/test_backend.ps1:ok
ISSUE-0162,API: GET /admin/api/proxy-pools,Implement GET /admin/api/proxy-pools per API契约-详细.md; request_id; stable error codes; no secret leaks.,GET /admin/api/proxy-pools matches contract; tests exist.,pwsh -NoProfile -File scripts/test_backend.ps1,none,DONE,DONE,TODO,module:backend,ISSUE-0011 | ISSUE-0033 | ISSUE-0035,priority:P0 milestone:M2 component:backend estimate:S done_at:2026-02-11 evidence:pwsh -NoProfile -File scripts/test_backend.ps1:ok
ISSUE-0163,API: POST /admin/api/proxy-pools,Implement POST /admin/api/proxy-pools per API契约-详细.md; request_id; stable error codes; no secret leaks.,POST /admin/api/proxy-pools matches contract; tests exist.,pwsh -NoProfile -File scripts/test_backend.ps1,none,DONE,DONE,TODO,module:backend,ISSUE-0011 | ISSUE-0033 | ISSUE-0035,priority:P0 milestone:M2 component:backend estimate:S done_at:2026-02-11 evidence:pwsh -NoProfile -File scripts/test_backend.ps1:ok
ISSUE-0164,API: PUT /admin/api/proxy-pools/{id},Implement PUT /admin/api/proxy-pools/{id} per API契约-详细.md; request_id; stable error codes; no secret leaks.,PUT /admin/api/proxy-pools/{id} matches contract; tests exist.,pwsh -NoProfile -File scripts/test_backend.ps1,none,DONE,DONE,TODO,module:backend,ISSUE-0011 | ISSUE-0033 | ISSUE-0035,priority:P0 milestone:M2 component:backend estimate:S done_at:2026-02-11 evidence:pwsh -NoProfile -File scripts/test_backend.ps1:ok
ISSUE-0165,API: POST /admin/api/proxy-pools/{id}/endpoints,Implement POST /admin/api/proxy-pools/{id}/endpoints per API契约-详细.md; request_id; stable error codes; no secret leaks.,POST /admin/api/proxy-pools/{id}/endpoints matches contract; tests exist.,pwsh -NoProfile -File scripts/test_backend.ps1,none,DONE,DONE,TODO,module:backend,ISSUE-0011 | ISSUE-0033 | ISSUE-0035,priority:P0 milestone:M2 component:backend estimate:S done_at:2026-02-11 evidence:pwsh -NoProfile -File scripts/test_backend.ps1:ok
ISSUE-0166,API: GET /admin/api/bindings?pool_id=...,Implement GET /admin/api/bindings?pool_id=... per API契约-详细.md; request_id; stable error codes; no secret leaks.,GET /admin/api/bindings?pool_id=... matches contract; tests exist.,pwsh -NoProfile -File scripts/test_backend.ps1,none,DONE,DONE,TODO,module:backend,ISSUE-0011 | ISSUE-0037,priority:P0 milestone:M2 component:backend estimate:S done_at:2026-02-11 evidence:pwsh -NoProfile -File scripts/test_backend.ps1:ok
ISSUE-0167,API: POST /admin/api/bindings/recompute,Implement POST /admin/api/bindings/recompute per API契约-详细.md; request_id; stable error codes; no secret leaks.,POST /admin/api/bindings/recompute matches contract; tests exist.,pwsh -NoProfile -File scripts/test_backend.ps1,none,DONE,DONE,TODO,module:backend,ISSUE-0011 | ISSUE-0037,priority:P0 milestone:M2 component:backend estimate:S done_at:2026-02-11 evidence:pwsh -NoProfile -File scripts/test_backend.ps1:ok
ISSUE-0168,API: POST /admin/api/bindings/{id}/override,Implement POST /admin/api/bindings/{id}/override per API契约-详细.md; request_id; stable error codes; no secret leaks.,POST /admin/api/bindings/{id}/override matches contract; tests exist.,pwsh -NoProfile -File scripts/test_backend.ps1,none,DONE,DONE,TODO,module:backend,ISSUE-0011 | ISSUE-0037,priority:P0 milestone:M2 component:backend estimate:S done_at:2026-02-11 evidence:pwsh -NoProfile -File scripts/test_backend.ps1:ok
ISSUE-0169,API: POST /admin/api/bindings/{id}/clear-override,Implement POST /admin/api/bindings/{id}/clear-override per API契约-详细.md; request_id; stable error codes; no secret leaks.,POST /admin/api/bindings/{id}/clear-override matches contract; tests exist.,pwsh -NoProfile -File scripts/test_backend.ps1,none,DONE,DONE,TODO,module:backend,ISSUE-0011 | ISSUE-0037,priority:P0 milestone:M2 component:backend estimate:S done_at:2026-02-11 evidence:pwsh -NoProfile -File scripts/test_backend.ps1:ok
ISSUE-0170,API: POST /admin/api/hydration-runs,Implement POST /admin/api/hydration-runs per API契约-详细.md; request_id; stable error codes; no secret leaks.,POST /admin/api/hydration-runs matches contract; tests exist.,pwsh -NoProfile -File scripts/test_backend.ps1,none,DONE,DONE,TODO,module:backend,ISSUE-0011 | ISSUE-0043 | ISSUE-0041,priority:P0 milestone:M4 component:backend estimate:S done_at:2026-02-11 evidence:pwsh -NoProfile -File scripts/test_backend.ps1:ok
ISSUE-0171,API: POST /admin/api/hydration-runs/{id}/pause|resume|cancel,Implement POST /admin/api/hydration-runs/{id}/pause|resume|cancel per API契约-详细.md; request_id; stable error codes; no secret leaks.,POST /admin/api/hydration-runs/{id}/pause|resume|cancel matches contract; tests exist.,pwsh -NoProfile -File scripts/test_backend.ps1,none,DONE,DONE,TODO,module:backend,ISSUE-0011 | ISSUE-0043 | ISSUE-0041,priority:P0 milestone:M4 component:backend estimate:S done_at:2026-02-11 evidence:pwsh -NoProfile -File scripts/test_backend.ps1:ok
ISSUE-0172,API: GET /admin/api/jobs?status=&type=&cursor=,Implement GET /admin/api/jobs?status=&type=&cursor= per API契约-详细.md; request_id; stable error codes; no secret leaks.,GET /admin/api/jobs?status=&type=&cursor= matches contract; tests exist.,pwsh -NoProfile -File scripts/test_backend.ps1,none,DONE,DONE,TODO,module:backend,ISSUE-0011 | ISSUE-0041,priority:P0 milestone:M0 component:backend estimate:S done_at:2026-02-11 evidence:pwsh -NoProfile -File scripts/test_backend.ps1:ok
ISSUE-0173,API: POST /admin/api/jobs/{id}/retry|cancel|move-to-dlq,Implement POST /admin/api/jobs/{id}/retry|cancel|move-to-dlq per API契约-详细.md; request_id; stable error codes; no secret leaks.,POST /admin/api/jobs/{id}/retry|cancel|move-to-dlq matches contract; tests exist.,pwsh -NoProfile -File scripts/test_backend.ps1,none,DONE,DONE,TODO,module:backend,ISSUE-0011 | ISSUE-0041,priority:P0 milestone:M0 component:backend estimate:S done_at:2026-02-11 evidence:pwsh -NoProfile -File scripts/test_backend.ps1:ok
ISSUE-0174,API: GET /admin/api/settings,Implement GET /admin/api/settings per API契约-详细.md; request_id; stable error codes; no secret leaks.,GET /admin/api/settings matches contract; tests exist.,pwsh -NoProfile -File scripts/test_backend.ps1,none,DONE,DONE,TODO,module:backend,ISSUE-0011 | ISSUE-0039,priority:P0 milestone:M0 component:backend estimate:S done_at:2026-02-11 evidence:pwsh -NoProfile -File scripts/test_backend.ps1:ok
ISSUE-0175,API: PUT /admin/api/settings,Implement PUT /admin/api/settings per API契约-详细.md; request_id; stable error codes; no secret leaks.,PUT /admin/api/settings matches contract; tests exist.,pwsh -NoProfile -File scripts/test_backend.ps1,none,DONE,DONE,TODO,module:backend,ISSUE-0011 | ISSUE-0039,priority:P0 milestone:M0 component:backend estimate:S done_at:2026-02-11 evidence:pwsh -NoProfile -File scripts/test_backend.ps1:ok
ISSUE-0176,Job handler: import_images,Implement handler import_images per 任务系统-Worker与稳定性.md; classify errors; retries/backoff.,handler import_images covered by tests; updates DB as expected.,py -3.11 -m pytest -q backend/tests -k handler,none,DONE,DONE,TODO,backend/app/jobs/handlers/*,ISSUE-0019 | ISSUE-0041,priority:P0 milestone:M1 component:worker estimate:M done_at:2026-02-11 evidence:py -3.11 -m pytest -q backend/tests -k handler:ok
ISSUE-0177,Job handler: hydrate_metadata,Implement handler hydrate_metadata per 任务系统-Worker与稳定性.md; classify errors; retries/backoff.,handler hydrate_metadata covered by tests; updates DB as expected.,py -3.11 -m pytest -q backend/tests -k handler,none,DONE,DONE,TODO,backend/app/jobs/handlers/*,ISSUE-0019 | ISSUE-0041,priority:P0 milestone:M4 component:worker estimate:M done_at:2026-02-11 evidence:py -3.11 -m pytest -q backend/tests -k handler:ok
ISSUE-0178,Job handler: heal_url,Implement handler heal_url per 任务系统-Worker与稳定性.md; classify errors; retries/backoff.,handler heal_url covered by tests; updates DB as expected.,py -3.11 -m pytest -q backend/tests -k handler,none,DONE,DONE,TODO,backend/app/jobs/handlers/*,ISSUE-0019 | ISSUE-0041,priority:P0 milestone:M4 component:worker estimate:M done_at:2026-02-11 evidence:py -3.11 -m pytest -q backend/tests -k handler:ok
ISSUE-0179,Job handler: proxy_probe,Implement handler proxy_probe per 任务系统-Worker与稳定性.md; classify errors; retries/backoff.,handler proxy_probe covered by tests; updates DB as expected.,py -3.11 -m pytest -q backend/tests -k handler,none,DONE,DONE,TODO,backend/app/jobs/handlers/*,ISSUE-0019 | ISSUE-0041,priority:P0 milestone:M2 component:worker estimate:M done_at:2026-02-11 evidence:py -3.11 -m pytest -q backend/tests -k handler:ok
ISSUE-0180,Job handler: easy_proxies_import,Implement handler easy_proxies_import per 任务系统-Worker与稳定性.md; classify errors; retries/backoff.,handler easy_proxies_import covered by tests; updates DB as expected.,py -3.11 -m pytest -q backend/tests -k handler,none,DONE,DONE,TODO,backend/app/jobs/handlers/*,ISSUE-0019 | ISSUE-0041,priority:P0 milestone:M2 component:worker estimate:M done_at:2026-02-11 evidence:py -3.11 -m pytest -q backend/tests -k handler:ok
ISSUE-0181,Frontend skeleton (Vite+React+TS+AntD+Query),Init frontend with Vite React TS; AntD; TanStack Query; routing; api client.,dev server starts; build ok.,pwsh -NoProfile -File scripts/test_frontend.ps1,none,DONE,DONE,TODO,module:frontend,ISSUE-0002,priority:P0 milestone:M6 component:frontend estimate:M done_at:2026-02-11 evidence:pwsh -NoProfile -File scripts/test_frontend.ps1:ok
ISSUE-0182,UI page: Login /admin/login,Implement /admin/login per 前端页面-详细原型.md; empty/error states; request_id display.,page /admin/login renders and loads core data.,pwsh -NoProfile -File scripts/test_frontend.ps1,none,DONE,DONE,TODO,module:frontend,ISSUE-0181,priority:P0 milestone:M6 component:frontend estimate:S done_at:2026-02-11 evidence:pwsh -NoProfile -File scripts/test_frontend.ps1:ok
ISSUE-0183,UI page: Dashboard /admin,Implement /admin per 前端页面-详细原型.md; empty/error states; request_id display.,page /admin renders and loads core data.,pwsh -NoProfile -File scripts/test_frontend.ps1,none,DONE,DONE,TODO,module:frontend,ISSUE-0181,priority:P0 milestone:M6 component:frontend estimate:S done_at:2026-02-11 evidence:pwsh -NoProfile -File scripts/test_frontend.ps1:ok
ISSUE-0184,UI page: Import /admin/import,Implement /admin/import per 前端页面-详细原型.md; empty/error states; request_id display.,page /admin/import renders and loads core data.,pwsh -NoProfile -File scripts/test_frontend.ps1,none,DONE,DONE,TODO,module:frontend,ISSUE-0181,priority:P0 milestone:M6 component:frontend estimate:S done_at:2026-02-11 evidence:pwsh -NoProfile -File scripts/test_frontend.ps1:ok
ISSUE-0185,UI page: ImportDetail /admin/import/:id,Implement /admin/import/:id per 前端页面-详细原型.md; empty/error states; request_id display.,page /admin/import/:id renders and loads core data.,pwsh -NoProfile -File scripts/test_frontend.ps1,none,DONE,DONE,TODO,module:frontend,ISSUE-0181,priority:P0 milestone:M6 component:frontend estimate:S done_at:2026-02-11 evidence:pwsh -NoProfile -File scripts/test_frontend.ps1:ok
ISSUE-0186,UI page: Images /admin/images,Implement /admin/images per 前端页面-详细原型.md; empty/error states; request_id display.,page /admin/images renders and loads core data.,pwsh -NoProfile -File scripts/test_frontend.ps1,none,DONE,DONE,TODO,module:frontend,ISSUE-0181,priority:P0 milestone:M6 component:frontend estimate:S done_at:2026-02-11 evidence:pwsh -NoProfile -File scripts/test_frontend.ps1:ok
ISSUE-0187,UI page: Playground /admin/random,Implement /admin/random per 前端页面-详细原型.md; empty/error states; request_id display.,page /admin/random renders and loads core data.,pwsh -NoProfile -File scripts/test_frontend.ps1,none,DONE,DONE,TODO,module:frontend,ISSUE-0181,priority:P0 milestone:M6 component:frontend estimate:S done_at:2026-02-11 evidence:pwsh -NoProfile -File scripts/test_frontend.ps1:ok
ISSUE-0188,UI page: Tags /admin/tags,Implement /admin/tags per 前端页面-详细原型.md; empty/error states; request_id display.,page /admin/tags renders and loads core data.,pwsh -NoProfile -File scripts/test_frontend.ps1,none,DONE,DONE,TODO,module:frontend,ISSUE-0181,priority:P0 milestone:M6 component:frontend estimate:S done_at:2026-02-11 evidence:pwsh -NoProfile -File scripts/test_frontend.ps1:ok
ISSUE-0189,UI page: Authors /admin/authors,Implement /admin/authors per 前端页面-详细原型.md; empty/error states; request_id display.,page /admin/authors renders and loads core data.,pwsh -NoProfile -File scripts/test_frontend.ps1,none,DONE,DONE,TODO,module:frontend,ISSUE-0181,priority:P0 milestone:M6 component:frontend estimate:S done_at:2026-02-11 evidence:pwsh -NoProfile -File scripts/test_frontend.ps1:ok
ISSUE-0190,UI page: Tokens /admin/tokens,Implement /admin/tokens per 前端页面-详细原型.md; empty/error states; request_id display.,page /admin/tokens renders and loads core data.,pwsh -NoProfile -File scripts/test_frontend.ps1,none,DONE,DONE,TODO,module:frontend,ISSUE-0181,priority:P0 milestone:M6 component:frontend estimate:S done_at:2026-02-11 evidence:pwsh -NoProfile -File scripts/test_frontend.ps1:ok
ISSUE-0191,UI page: Proxies /admin/proxies,Implement /admin/proxies per 前端页面-详细原型.md; empty/error states; request_id display.,page /admin/proxies renders and loads core data.,pwsh -NoProfile -File scripts/test_frontend.ps1,none,DONE,DONE,TODO,module:frontend,ISSUE-0181,priority:P0 milestone:M6 component:frontend estimate:S done_at:2026-02-11 evidence:pwsh -NoProfile -File scripts/test_frontend.ps1:ok
ISSUE-0192,UI page: Bindings /admin/bindings,Implement /admin/bindings per 前端页面-详细原型.md; empty/error states; request_id display.,page /admin/bindings renders and loads core data.,pwsh -NoProfile -File scripts/test_frontend.ps1,none,DONE,DONE,TODO,module:frontend,ISSUE-0181,priority:P0 milestone:M6 component:frontend estimate:S done_at:2026-02-11 evidence:pwsh -NoProfile -File scripts/test_frontend.ps1:ok
ISSUE-0193,UI page: Jobs /admin/jobs,Implement /admin/jobs per 前端页面-详细原型.md; empty/error states; request_id display.,page /admin/jobs renders and loads core data.,pwsh -NoProfile -File scripts/test_frontend.ps1,none,DONE,DONE,TODO,module:frontend,ISSUE-0181,priority:P0 milestone:M6 component:frontend estimate:S done_at:2026-02-11 evidence:pwsh -NoProfile -File scripts/test_frontend.ps1:ok
ISSUE-0194,UI page: Settings /admin/settings,Implement /admin/settings per 前端页面-详细原型.md; empty/error states; request_id display.,page /admin/settings renders and loads core data.,pwsh -NoProfile -File scripts/test_frontend.ps1,none,DONE,DONE,TODO,module:frontend,ISSUE-0181,priority:P0 milestone:M6 component:frontend estimate:S done_at:2026-02-11 evidence:pwsh -NoProfile -File scripts/test_frontend.ps1:ok
ISSUE-0195,UI page: Audit /admin/audit,Implement /admin/audit per 前端页面-详细原型.md; empty/error states; request_id display.,page /admin/audit renders and loads core data.,pwsh -NoProfile -File scripts/test_frontend.ps1,none,DONE,DONE,TODO,module:frontend,ISSUE-0181,priority:P0 milestone:M6 component:frontend estimate:S done_at:2026-02-11 evidence:pwsh -NoProfile -File scripts/test_frontend.ps1:ok
ISSUE-0196,UI action: 登录,Wire UI action '登录' to admin API; show success/error; no secret echo.,action '登录' works and updates UI.,pwsh -NoProfile -File scripts/test_frontend.ps1,none,DONE,DONE,TODO,module:frontend,ISSUE-0181,priority:P0 milestone:M6 component:frontend estimate:S done_at:2026-02-11 evidence:pwsh -NoProfile -File scripts/test_frontend.ps1:ok
ISSUE-0197,UI action: 去导入,Wire UI action '去导入' to admin API; show success/error; no secret echo.,action '去导入' works and updates UI.,pwsh -NoProfile -File scripts/test_frontend.ps1,none,DONE,DONE,TODO,module:frontend,ISSUE-0181,priority:P0 milestone:M6 component:frontend estimate:S done_at:2026-02-11 evidence:pwsh -NoProfile -File scripts/test_frontend.ps1:ok
ISSUE-0198,UI action: 创建补全任务,Wire UI action '创建补全任务' to admin API; show success/error; no secret echo.,action '创建补全任务' works and updates UI.,pwsh -NoProfile -File scripts/test_frontend.ps1,none,DONE,DONE,TODO,module:frontend,ISSUE-0181,priority:P0 milestone:M6 component:frontend estimate:S done_at:2026-02-11 evidence:pwsh -NoProfile -File scripts/test_frontend.ps1:ok
ISSUE-0199,UI action: 去添加 Token,Wire UI action '去添加 Token' to admin API; show success/error; no secret echo.,action '去添加 Token' works and updates UI.,pwsh -NoProfile -File scripts/test_frontend.ps1,none,DONE,DONE,TODO,module:frontend,ISSUE-0181,priority:P0 milestone:M6 component:frontend estimate:S done_at:2026-02-11 evidence:pwsh -NoProfile -File scripts/test_frontend.ps1:ok
ISSUE-0200,UI action: 刷新代理,Wire UI action '刷新代理' to admin API; show success/error; no secret echo.,action '刷新代理' works and updates UI.,pwsh -NoProfile -File scripts/test_frontend.ps1,none,DONE,DONE,TODO,module:frontend,ISSUE-0181,priority:P0 milestone:M6 component:frontend estimate:S done_at:2026-02-11 evidence:pwsh -NoProfile -File scripts/test_frontend.ps1:ok
ISSUE-0201,UI action: 打开 Playground,Wire UI action '打开 Playground' to admin API; show success/error; no secret echo.,action '打开 Playground' works and updates UI.,pwsh -NoProfile -File scripts/test_frontend.ps1,none,DONE,DONE,TODO,module:frontend,ISSUE-0181,priority:P0 milestone:M6 component:frontend estimate:S done_at:2026-02-11 evidence:pwsh -NoProfile -File scripts/test_frontend.ps1:ok
ISSUE-0202,UI action: 从该标签随机一张（跳转到 Playground 预填）,Wire UI action '从该标签随机一张（跳转到 Playground 预填）' to admin API; show success/error; no secret echo.,action '从该标签随机一张（跳转到 Playground 预填）' works and updates UI.,pwsh -NoProfile -File scripts/test_frontend.ps1,none,DONE,DONE,TODO,module:frontend,ISSUE-0181,priority:P0 milestone:M6 component:frontend estimate:S done_at:2026-02-11 evidence:pwsh -NoProfile -File scripts/test_frontend.ps1:ok
ISSUE-0203,UI action: 导入,Wire UI action '导入' to admin API; show success/error; no secret echo.,action '导入' works and updates UI.,pwsh -NoProfile -File scripts/test_frontend.ps1,none,TODO,TODO,TODO,module:frontend,ISSUE-0181,priority:P0 milestone:M6 component:frontend estimate:S
ISSUE-0204,UI action: 从 easy_proxies 导入,Wire UI action '从 easy_proxies 导入' to admin API; show success/error; no secret echo.,action '从 easy_proxies 导入' works and updates UI.,pwsh -NoProfile -File scripts/test_frontend.ps1,none,TODO,TODO,TODO,module:frontend,ISSUE-0181,priority:P0 milestone:M6 component:frontend estimate:S
ISSUE-0205,UI action: 探测健康（入队）,Wire UI action '探测健康（入队）' to admin API; show success/error; no secret echo.,action '探测健康（入队）' works and updates UI.,pwsh -NoProfile -File scripts/test_frontend.ps1,none,TODO,TODO,TODO,module:frontend,ISSUE-0181,priority:P0 milestone:M6 component:frontend estimate:S
ISSUE-0206,UI action: 保存,Wire UI action '保存' to admin API; show success/error; no secret echo.,action '保存' works and updates UI.,pwsh -NoProfile -File scripts/test_frontend.ps1,none,TODO,TODO,TODO,module:frontend,ISSUE-0181,priority:P0 milestone:M6 component:frontend estimate:S
ISSUE-0207,ErrorCode: 200,Define and use error code 200; add mapping tests where applicable.,code 200 present in enum and used by at least one path; tests cover.,py -3.11 -m pytest -q backend/tests -k error_codes,none,TODO,TODO,TODO,backend/app/core/errors.py | backend/tests/*,ISSUE-0004,priority:P0 milestone:M0 component:backend estimate:S
ISSUE-0208,ErrorCode: 404,Define and use error code 404; add mapping tests where applicable.,code 404 present in enum and used by at least one path; tests cover.,py -3.11 -m pytest -q backend/tests -k error_codes,none,TODO,TODO,TODO,backend/app/core/errors.py | backend/tests/*,ISSUE-0004,priority:P0 milestone:M0 component:backend estimate:S
ISSUE-0209,ErrorCode: BAD_REQUEST,Define and use error code BAD_REQUEST; add mapping tests where applicable.,code BAD_REQUEST present in enum and used by at least one path; tests cover.,py -3.11 -m pytest -q backend/tests -k error_codes,none,TODO,TODO,TODO,backend/app/core/errors.py | backend/tests/*,ISSUE-0004,priority:P0 milestone:M0 component:backend estimate:S
ISSUE-0210,ErrorCode: UNAUTHORIZED,Define and use error code UNAUTHORIZED; add mapping tests where applicable.,code UNAUTHORIZED present in enum and used by at least one path; tests cover.,py -3.11 -m pytest -q backend/tests -k error_codes,none,TODO,TODO,TODO,backend/app/core/errors.py | backend/tests/*,ISSUE-0004,priority:P0 milestone:M0 component:backend estimate:S
ISSUE-0211,ErrorCode: FORBIDDEN,Define and use error code FORBIDDEN; add mapping tests where applicable.,code FORBIDDEN present in enum and used by at least one path; tests cover.,py -3.11 -m pytest -q backend/tests -k error_codes,none,TODO,TODO,TODO,backend/app/core/errors.py | backend/tests/*,ISSUE-0004,priority:P0 milestone:M0 component:backend estimate:S
ISSUE-0212,ErrorCode: NOT_FOUND,Define and use error code NOT_FOUND; add mapping tests where applicable.,code NOT_FOUND present in enum and used by at least one path; tests cover.,py -3.11 -m pytest -q backend/tests -k error_codes,none,TODO,TODO,TODO,backend/app/core/errors.py | backend/tests/*,ISSUE-0004,priority:P0 milestone:M0 component:backend estimate:S
ISSUE-0213,ErrorCode: INTERNAL_ERROR,Define and use error code INTERNAL_ERROR; add mapping tests where applicable.,code INTERNAL_ERROR present in enum and used by at least one path; tests cover.,py -3.11 -m pytest -q backend/tests -k error_codes,none,TODO,TODO,TODO,backend/app/core/errors.py | backend/tests/*,ISSUE-0004,priority:P0 milestone:M0 component:backend estimate:S
ISSUE-0214,ErrorCode: NO_MATCH,Define and use error code NO_MATCH; add mapping tests where applicable.,code NO_MATCH present in enum and used by at least one path; tests cover.,py -3.11 -m pytest -q backend/tests -k error_codes,none,TODO,TODO,TODO,backend/app/core/errors.py | backend/tests/*,ISSUE-0004,priority:P0 milestone:M0 component:backend estimate:S
ISSUE-0215,ErrorCode: UPSTREAM_STREAM_ERROR,Define and use error code UPSTREAM_STREAM_ERROR; add mapping tests where applicable.,code UPSTREAM_STREAM_ERROR present in enum and used by at least one path; tests cover.,py -3.11 -m pytest -q backend/tests -k error_codes,none,TODO,TODO,TODO,backend/app/core/errors.py | backend/tests/*,ISSUE-0004,priority:P0 milestone:M0 component:backend estimate:S
ISSUE-0216,ErrorCode: UPSTREAM_403,Define and use error code UPSTREAM_403; add mapping tests where applicable.,code UPSTREAM_403 present in enum and used by at least one path; tests cover.,py -3.11 -m pytest -q backend/tests -k error_codes,none,TODO,TODO,TODO,backend/app/core/errors.py | backend/tests/*,ISSUE-0004,priority:P0 milestone:M0 component:backend estimate:S
ISSUE-0217,ErrorCode: UPSTREAM_404,Define and use error code UPSTREAM_404; add mapping tests where applicable.,code UPSTREAM_404 present in enum and used by at least one path; tests cover.,py -3.11 -m pytest -q backend/tests -k error_codes,none,TODO,TODO,TODO,backend/app/core/errors.py | backend/tests/*,ISSUE-0004,priority:P0 milestone:M0 component:backend estimate:S
ISSUE-0218,ErrorCode: UPSTREAM_RATE_LIMIT,Define and use error code UPSTREAM_RATE_LIMIT; add mapping tests where applicable.,code UPSTREAM_RATE_LIMIT present in enum and used by at least one path; tests cover.,py -3.11 -m pytest -q backend/tests -k error_codes,none,TODO,TODO,TODO,backend/app/core/errors.py | backend/tests/*,ISSUE-0004,priority:P0 milestone:M0 component:backend estimate:S
ISSUE-0219,ErrorCode: INVALID_UPLOAD_TYPE,Define and use error code INVALID_UPLOAD_TYPE; add mapping tests where applicable.,code INVALID_UPLOAD_TYPE present in enum and used by at least one path; tests cover.,py -3.11 -m pytest -q backend/tests -k error_codes,none,TODO,TODO,TODO,backend/app/core/errors.py | backend/tests/*,ISSUE-0004,priority:P0 milestone:M0 component:backend estimate:S
ISSUE-0220,ErrorCode: PAYLOAD_TOO_LARGE,Define and use error code PAYLOAD_TOO_LARGE; add mapping tests where applicable.,code PAYLOAD_TOO_LARGE present in enum and used by at least one path; tests cover.,py -3.11 -m pytest -q backend/tests -k error_codes,none,TODO,TODO,TODO,backend/app/core/errors.py | backend/tests/*,ISSUE-0004,priority:P0 milestone:M0 component:backend estimate:S
ISSUE-0221,ErrorCode: UNSUPPORTED_URL,Define and use error code UNSUPPORTED_URL; add mapping tests where applicable.,code UNSUPPORTED_URL present in enum and used by at least one path; tests cover.,py -3.11 -m pytest -q backend/tests -k error_codes,none,TODO,TODO,TODO,backend/app/core/errors.py | backend/tests/*,ISSUE-0004,priority:P0 milestone:M0 component:backend estimate:S
ISSUE-0222,ErrorCode: TOKEN_REFRESH_FAILED,Define and use error code TOKEN_REFRESH_FAILED; add mapping tests where applicable.,code TOKEN_REFRESH_FAILED present in enum and used by at least one path; tests cover.,py -3.11 -m pytest -q backend/tests -k error_codes,none,TODO,TODO,TODO,backend/app/core/errors.py | backend/tests/*,ISSUE-0004,priority:P0 milestone:M0 component:backend estimate:S
ISSUE-0223,ErrorCode: TOKEN_BACKOFF,Define and use error code TOKEN_BACKOFF; add mapping tests where applicable.,code TOKEN_BACKOFF present in enum and used by at least one path; tests cover.,py -3.11 -m pytest -q backend/tests -k error_codes,none,TODO,TODO,TODO,backend/app/core/errors.py | backend/tests/*,ISSUE-0004,priority:P0 milestone:M0 component:backend estimate:S
ISSUE-0224,ErrorCode: NO_TOKEN_AVAILABLE,Define and use error code NO_TOKEN_AVAILABLE; add mapping tests where applicable.,code NO_TOKEN_AVAILABLE present in enum and used by at least one path; tests cover.,py -3.11 -m pytest -q backend/tests -k error_codes,none,TODO,TODO,TODO,backend/app/core/errors.py | backend/tests/*,ISSUE-0004,priority:P0 milestone:M0 component:backend estimate:S
ISSUE-0225,ErrorCode: PROXY_REQUIRED,Define and use error code PROXY_REQUIRED; add mapping tests where applicable.,code PROXY_REQUIRED present in enum and used by at least one path; tests cover.,py -3.11 -m pytest -q backend/tests -k error_codes,none,TODO,TODO,TODO,backend/app/core/errors.py | backend/tests/*,ISSUE-0004,priority:P0 milestone:M0 component:backend estimate:S
ISSUE-0226,ErrorCode: PROXY_AUTH_FAILED,Define and use error code PROXY_AUTH_FAILED; add mapping tests where applicable.,code PROXY_AUTH_FAILED present in enum and used by at least one path; tests cover.,py -3.11 -m pytest -q backend/tests -k error_codes,none,TODO,TODO,TODO,backend/app/core/errors.py | backend/tests/*,ISSUE-0004,priority:P0 milestone:M0 component:backend estimate:S
ISSUE-0227,ErrorCode: PROXY_CONNECT_FAILED,Define and use error code PROXY_CONNECT_FAILED; add mapping tests where applicable.,code PROXY_CONNECT_FAILED present in enum and used by at least one path; tests cover.,py -3.11 -m pytest -q backend/tests -k error_codes,none,TODO,TODO,TODO,backend/app/core/errors.py | backend/tests/*,ISSUE-0004,priority:P0 milestone:M0 component:backend estimate:S
ISSUE-0228,Metric: random_requests_total,Add metric random_requests_total: Count /random requests.,metric random_requests_total exposed on /metrics and updated in code.,py -3.11 -m pytest -q backend/tests -k metrics,none,TODO,TODO,TODO,backend/app/observability/*,ISSUE-0011,priority:P0 milestone:M7 component:observability estimate:S
ISSUE-0229,Metric: random_no_match_total,Add metric random_no_match_total: Count NO_MATCH.,metric random_no_match_total exposed on /metrics and updated in code.,py -3.11 -m pytest -q backend/tests -k metrics,none,TODO,TODO,TODO,backend/app/observability/*,ISSUE-0011,priority:P0 milestone:M7 component:observability estimate:S
ISSUE-0230,Metric: upstream_stream_errors_total,Add metric upstream_stream_errors_total: Count upstream stream failures.,metric upstream_stream_errors_total exposed on /metrics and updated in code.,py -3.11 -m pytest -q backend/tests -k metrics,none,TODO,TODO,TODO,backend/app/observability/*,ISSUE-0011,priority:P0 milestone:M7 component:observability estimate:S
ISSUE-0231,Metric: jobs_claim_total,Add metric jobs_claim_total: Count jobs claimed.,metric jobs_claim_total exposed on /metrics and updated in code.,py -3.11 -m pytest -q backend/tests -k metrics,none,TODO,TODO,TODO,backend/app/observability/*,ISSUE-0011,priority:P0 milestone:M7 component:observability estimate:S
ISSUE-0232,Metric: jobs_failed_total,Add metric jobs_failed_total: Count jobs failed.,metric jobs_failed_total exposed on /metrics and updated in code.,py -3.11 -m pytest -q backend/tests -k metrics,none,TODO,TODO,TODO,backend/app/observability/*,ISSUE-0011,priority:P0 milestone:M7 component:observability estimate:S
ISSUE-0233,Metric: proxy_probe_latency_ms,Add metric proxy_probe_latency_ms: Observe proxy probe latency.,metric proxy_probe_latency_ms exposed on /metrics and updated in code.,py -3.11 -m pytest -q backend/tests -k metrics,none,TODO,TODO,TODO,backend/app/observability/*,ISSUE-0011,priority:P0 milestone:M7 component:observability estimate:S
ISSUE-0234,Metric: token_refresh_fail_total,Add metric token_refresh_fail_total: Count token refresh failures.,metric token_refresh_fail_total exposed on /metrics and updated in code.,py -3.11 -m pytest -q backend/tests -k metrics,none,TODO,TODO,TODO,backend/app/observability/*,ISSUE-0011,priority:P0 milestone:M7 component:observability estimate:S
ISSUE-0235,CI: backend tests,Run backend tests in CI; fail build on errors.,CI step exists and fails on regression.,manual: validate workflow + run scripts locally,none,TODO,TODO,TODO,module:ci,ISSUE-0002,priority:P0 milestone:M7 component:ci estimate:S
ISSUE-0236,CI: frontend tests,Run frontend tests in CI; fail build on errors.,CI step exists and fails on regression.,manual: validate workflow + run scripts locally,none,TODO,TODO,TODO,module:ci,ISSUE-0002,priority:P0 milestone:M7 component:ci estimate:S
ISSUE-0237,CI: lint/format,Run linters/format checks in CI; fail build on errors.,CI step exists and fails on regression.,manual: validate workflow + run scripts locally,none,TODO,TODO,TODO,module:ci,ISSUE-0002,priority:P0 milestone:M7 component:ci estimate:S
ISSUE-0238,CI: typecheck,Run TS typecheck in CI; fail build on errors.,CI step exists and fails on regression.,manual: validate workflow + run scripts locally,none,TODO,TODO,TODO,module:ci,ISSUE-0002,priority:P0 milestone:M7 component:ci estimate:S
ISSUE-0239,CI: docker compose config,Validate compose config in CI; fail build on errors.,CI step exists and fails on regression.,manual: validate workflow + run scripts locally,none,TODO,TODO,TODO,module:ci,ISSUE-0002,priority:P0 milestone:M7 component:ci estimate:S
ISSUE-0240,Tests: sensitive fields never echoed,Hard gate tests: refresh_token/proxy password never in responses/logs; import text not logged.,tests fail on leakage.,py -3.11 -m pytest -q backend/tests -k sensitive,none,TODO,TODO,TODO,backend/tests/test_sensitive_no_echo.py,ISSUE-0008 | ISSUE-0006,priority:P0 milestone:M7 component:security estimate:M
ISSUE-0241,Ops: backup/upgrade/rollback runbook,Document backup/upgrade/rollback SOP per DockerCompose-部署与运维.md.,runbook updated and commands are runnable.,manual: review docs,none,TODO,TODO,TODO,deploy/* | docs/*,ISSUE-0015,priority:P1 milestone:M7 component:deploy estimate:M
ISSUE-0242,Backend: opportunistic hydrate enqueue from /random,"When /random hits an image with missing metadata, enqueue a hydrate_metadata job (unique by illust_id) at low priority; no network; no secret leaks.",/random triggers at-most-once enqueue while pending/running; covered by tests.,py -3.11 -m pytest -q backend/tests -k opportunistic_hydrate,none,TODO,TODO,TODO,backend/app/api/public/random.py | backend/app/jobs/enqueue.py | backend/tests/test_opportunistic_hydrate.py,ISSUE-0041,priority:P1 milestone:M4 component:backend estimate:S added_by:ISSUE-0108
ISSUE-0243,Metric: random_opportunistic_hydrate_enqueued_total,Add metric random_opportunistic_hydrate_enqueued_total: Count opportunistic hydrate enqueues from /random.,metric random_opportunistic_hydrate_enqueued_total exposed on /metrics and updated in code.,py -3.11 -m pytest -q backend/tests -k metrics,none,TODO,TODO,TODO,backend/app/observability/*,ISSUE-0131,priority:P1 milestone:M7 component:observability estimate:S added_by:ISSUE-0108
